,feature_idx,cv_scores,avg_score,feature_names,ci_bound,std_dev,std_err
1,"(5,)","[0.86601376 0.86536757 0.87014027 0.86741747 0.86172506 0.86578222
 0.86758439 0.86911741 0.8676247  0.86529097]",0.866606381855215,"(('temp',),)",0.0016535614759514276,0.002226380292000017,0.0007421267640000057
2,"(1, 5)","[0.89992331 0.89673308 0.90388885 0.90580423 0.90402014 0.89964892
 0.9027713  0.90525951 0.90402601 0.90125277]",0.9023328122072265,"('lat', ('temp',))",0.0020268890077162136,0.002729034152331331,0.0009096780507771103
3,"(1, 3, 5)","[0.91413317 0.91162749 0.91865251 0.91948007 0.91760759 0.91505976
 0.91595199 0.91961866 0.91811008 0.91841723]",0.916865855250298,"('lat', 'month', ('temp',))",0.001836084609576505,0.002472132211990257,0.0008240440706634189
4,"(1, 3, 4, 5)","[0.91464283 0.91266266 0.91977102 0.9201076  0.91897443 0.91566364
 0.91718864 0.92049715 0.9189341  0.91825947]",0.9176701535523597,"('lat', 'month', ('prec',), ('temp',))",0.0018266869445897687,0.0024594790530835103,0.0008198263510278366
5,"(1, 2, 3, 4, 5)","[0.9150718  0.91409789 0.92009805 0.92069163 0.91980273 0.91643159
 0.9178769  0.92111042 0.91938773 0.91883918]",0.9183407922246876,"('lat', 'year', 'month', ('prec',), ('temp',))",0.001698779012331337,0.0022872618699232693,0.0007624206233077563
6,"(0, 1, 2, 3, 4, 5)","[0.91519605 0.91418726 0.92023414 0.92077374 0.9199136  0.91641207
 0.91790206 0.92099984 0.91953591 0.91884082]",0.9183995482071448,"('lon', 'lat', 'year', 'month', ('prec',), ('temp',))",0.0016895014499214048,0.00227477041895052,0.00075825680631684
