,feature_idx,cv_scores,avg_score,feature_names,ci_bound,std_dev,std_err
1,"(5,)","[0.87251595 0.86800476 0.86336598 0.86498024 0.86081655 0.87389471
 0.8642462  0.86888591 0.86408601 0.86850258]",0.8669298890286827,"(('temp',),)",0.0029366088994545177,0.003953894834962549,0.0013179649449875162
2,"(1, 5)","[0.90497554 0.90487545 0.89979219 0.90350027 0.89999255 0.90640221
 0.89860714 0.9037744  0.89826478 0.90313443]",0.902331896625728,"('lat', ('temp',))",0.002053623991683442,0.0027650305409006315,0.0009216768469668771
3,"(1, 3, 5)","[0.91741166 0.91778403 0.91427445 0.91666473 0.91590353 0.92058241
 0.9149895  0.92023563 0.91429415 0.91703281]",0.9169172891484203,"('lat', 'month', ('temp',))",0.00156017043837753,0.0021006371802210475,0.0007002123934070158
4,"(1, 3, 4, 5)","[0.91829323 0.91808498 0.91461016 0.91779615 0.91709877 0.9220885
 0.91559109 0.92086676 0.91489393 0.91762709]",0.9176950667131397,"('lat', 'month', ('prec',), ('temp',))",0.0016941647391900063,0.002281049142466098,0.0007603497141553659
5,"(1, 2, 3, 4, 5)","[0.91894757 0.91791284 0.91499983 0.91816269 0.9180148  0.92311584
 0.9168098  0.92080593 0.91592063 0.9183408 ]",0.9183030723264791,"('lat', 'year', 'month', ('prec',), ('temp',))",0.0016426596594560445,0.0022117019206510744,0.000737233973550358
6,"(0, 1, 2, 3, 4, 5)","[0.91899019 0.9178524  0.91505244 0.91820171 0.91808107 0.92328755
 0.91684198 0.92080781 0.91590659 0.91842567]",0.9183447416609096,"('lon', 'lat', 'year', 'month', ('prec',), ('temp',))",0.0016656600000229398,0.0022426699286097504,0.0007475566428699167
