,feature_idx,cv_scores,avg_score,feature_names,ci_bound,std_dev,std_err
1,"(5,)","[0.86781812 0.85803082 0.86418126 0.86848845 0.86247817 0.86882838
 0.86995917 0.86972443 0.87010386 0.86583028]",0.8665442936978545,"(('temp',),)",0.002780673596762752,0.003743941174461207,0.0012479803914870688
2,"(1, 5)","[0.90226458 0.89944412 0.90424988 0.90031705 0.90246317 0.90558488
 0.90059822 0.90119404 0.90311803 0.90164319]",0.9020877158470896,"('lat', ('temp',))",0.0013177165588616902,0.0017741935935001937,0.0005913978645000646
3,"(1, 3, 5)","[0.91597327 0.91620433 0.91890954 0.91504642 0.91744434 0.91810319
 0.91551324 0.91606731 0.91844793 0.9181925 ]",0.9169902067804074,"('lat', 'month', ('temp',))",0.0009729973535495403,0.0013100584185202087,0.00043668613950673623
4,"(1, 3, 4, 5)","[0.91712746 0.91730432 0.91948129 0.91615099 0.91844625 0.91916383
 0.91616256 0.91699579 0.9186392  0.91880168]",0.9178273353041291,"('lat', 'month', ('prec',), ('temp',))",0.0008645424303336838,0.0011640330622635113,0.0003880110207545037
5,"(1, 2, 3, 4, 5)","[0.91776029 0.91865236 0.91998212 0.91736594 0.91926796 0.91936647
 0.91727127 0.91765369 0.91911564 0.91889041]",0.9185326146026507,"('lat', 'year', 'month', ('prec',), ('temp',))",0.0006701097298608028,0.0009022459205401633,0.0003007486401800544
6,"(0, 1, 2, 3, 4, 5)","[0.91796244 0.9186906  0.92002332 0.91740253 0.91924586 0.91945944
 0.91734998 0.91780653 0.91919363 0.91879782]",0.9185932140061503,"('lon', 'lat', 'year', 'month', ('prec',), ('temp',))",0.0006480556829580965,0.0008725520167469717,0.0002908506722489906
