,feature_idx,cv_scores,avg_score,feature_names,ci_bound,std_dev,std_err
1,"(5,)","[0.86595205 0.86884458 0.86698422 0.86768026 0.86740949 0.86281848
 0.86823211 0.86494701 0.86809453 0.86405519]",0.8665017922597518,"(('temp',),)",0.0014040444025127715,0.001890426713677984,0.0006301422378926613
2,"(1, 5)","[0.90150186 0.90418113 0.90204269 0.905611   0.90310573 0.89854352
 0.90256353 0.90358343 0.90147387 0.90083963]",0.9023446386970843,"('lat', ('temp',))",0.001379065866830189,0.0018567952337629583,0.0006189317445876527
3,"(1, 3, 5)","[0.91716105 0.91760968 0.91617609 0.920959   0.91757772 0.91194972
 0.91556298 0.9184205  0.91603068 0.91397289]",0.9165420318110321,"('lat', 'month', ('temp',))",0.0017367057130609912,0.0023383269559652015,0.0007794423186550672
4,"(1, 3, 4, 5)","[0.91820128 0.91830091 0.91690297 0.92148707 0.91862559 0.91308796
 0.91621089 0.91799371 0.91717359 0.91535206]",0.9173336030925625,"('lat', 'month', ('prec',), ('temp',))",0.001566196315803538,0.002108750513132092,0.0007029168377106973
5,"(1, 2, 3, 4, 5)","[0.91958256 0.91885587 0.9170033  0.92179378 0.91928001 0.91343694
 0.9175517  0.91848157 0.91765833 0.91624193]",0.9179885993558143,"('lat', 'year', 'month', ('prec',), ('temp',))",0.001570662683764567,0.00211476409880754,0.0007049213662691801
6,"(0, 1, 2, 3, 4, 5)","[0.91947694 0.91895341 0.91707342 0.92178652 0.91933309 0.91354448
 0.91761059 0.91839081 0.91765364 0.91631908]",0.9180141983161111,"('lon', 'lat', 'year', 'month', ('prec',), ('temp',))",0.0015430421544059313,0.002077575398470112,0.0006925251328233705
