,feature_idx,cv_scores,avg_score,feature_names,ci_bound,std_dev,std_err
1,"(5,)","[0.87070122 0.86375495 0.86494557 0.86700157 0.86927761 0.86295327
 0.86469267 0.86849891 0.87105493 0.86341402]",0.8666294724430437,"(('temp',),)",0.0021718853525237807,0.0029242594337535793,0.0009747531445845265
2,"(1, 5)","[0.90663902 0.90545368 0.90359001 0.90317076 0.90303347 0.90240794
 0.90053921 0.90240568 0.90572054 0.89919246]",0.9032152749654697,"('lat', ('temp',))",0.0016244195213403498,0.0021871431215893244,0.0007290477071964415
3,"(1, 3, 5)","[0.91990962 0.91842871 0.91886075 0.91725705 0.91779216 0.91539706
 0.91608236 0.91459718 0.92039658 0.91523945]",0.9173960921828055,"('lat', 'month', ('temp',))",0.0014270055124775746,0.0019213419009580148,0.0006404473003193382
4,"(1, 3, 4, 5)","[0.92064111 0.91845612 0.91986322 0.91811426 0.91880524 0.91632368
 0.91721796 0.9158443  0.92078744 0.91627007]",0.9182323396833857,"('lat', 'month', ('prec',), ('temp',))",0.001277982599535561,0.0017206951870282336,0.0005735650623427444
5,"(1, 2, 3, 4, 5)","[0.92155823 0.91960413 0.92067466 0.91860611 0.91938959 0.91697907
 0.91817584 0.91699234 0.92101659 0.91750896]",0.9190505532331464,"('lat', 'year', 'month', ('prec',), ('temp',))",0.0011761941454655467,0.001583645666105985,0.000527881888701995
6,"(0, 1, 2, 3, 4, 5)","[0.92174506 0.91955964 0.92067215 0.91850226 0.91956909 0.91693968
 0.91827825 0.91723574 0.92109131 0.9174912 ]",0.9191084379392394,"('lon', 'lat', 'year', 'month', ('prec',), ('temp',))",0.0011889705100085728,0.001600847957424265,0.0005336159858080884
