,feature_idx,cv_scores,avg_score,feature_names,ci_bound,std_dev,std_err
1,"(5,)","[0.87061112 0.86648716 0.86576735 0.86035621 0.86637936 0.862929
 0.86961865 0.86971873 0.86569692 0.87112497]",0.8668689467729058,"(('temp',),)",0.0024488286798250328,0.0032971401369337556,0.0010990467123112519
2,"(1, 5)","[0.90517855 0.90129899 0.90480906 0.89800253 0.90473019 0.90033876
 0.90391288 0.9043327  0.9006389  0.90400534]",0.9027247918177075,"('lat', ('temp',))",0.0017322932772789064,0.002332385985394817,0.0007774619951316056
3,"(1, 3, 5)","[0.92035937 0.91564232 0.91853596 0.91329481 0.92026251 0.91599909
 0.91770988 0.91827814 0.91390121 0.91617499]",0.9170158283031681,"('lat', 'month', ('temp',))",0.0017143695349763049,0.002308253186462477,0.0007694177288208256
4,"(1, 3, 4, 5)","[0.92080929 0.91719832 0.91905599 0.91426856 0.92040489 0.91712849
 0.91938458 0.91904198 0.91493113 0.917175  ]",0.9179398235411458,"('lat', 'month', ('prec',), ('temp',))",0.001543373138438603,0.0020780210403999848,0.0006926736801333282
5,"(1, 2, 3, 4, 5)","[0.92221699 0.91773978 0.9194969  0.91505713 0.92110742 0.91788032
 0.92039281 0.92014136 0.91579905 0.91813394]",0.9187965702995673,"('lat', 'year', 'month', ('prec',), ('temp',))",0.0016144424394021024,0.0021737098268966052,0.0007245699422988684
6,"(0, 1, 2, 3, 4, 5)","[0.92224215 0.91780652 0.91944947 0.91511365 0.92120211 0.91769951
 0.92050571 0.92029478 0.91582529 0.91814418]",0.918828338254988,"('lon', 'lat', 'year', 'month', ('prec',), ('temp',))",0.0016313047851154122,0.002196413545336467,0.0007321378484454891
