,feature_idx,cv_scores,avg_score,feature_names,ci_bound,std_dev,std_err
1,"(5,)","[0.86510629 0.86728699 0.86355424 0.86746994 0.86472652 0.86591639
 0.86728175 0.86870562 0.86894637 0.86416427]",0.8663158374984075,"(('temp',),)",0.0013336410660929154,0.0017956345919602074,0.0005985448639867357
2,"(1, 5)","[0.90420421 0.90562204 0.901572   0.90156187 0.89825258 0.90287741
 0.90200189 0.90631284 0.90179837 0.89952389]",0.9023727088226872,"('lat', ('temp',))",0.0017661757695299147,0.002378005887701796,0.000792668629233932
3,"(1, 3, 5)","[0.91881401 0.92076932 0.9148431  0.91773756 0.9153167  0.91597035
 0.91659924 0.92091676 0.91266805 0.91391249]",0.9167547576325076,"('lat', 'month', ('temp',))",0.0019620406333736916,0.002641721315945034,0.000880573771981678
4,"(1, 3, 4, 5)","[0.91952328 0.9211539  0.91593907 0.91825292 0.91610586 0.91681905
 0.91773156 0.92177988 0.91310524 0.91527803]",0.9175688794652753,"('lat', 'month', ('prec',), ('temp',))",0.0018998059134500045,0.002557927543574694,0.000852642514524898
5,"(1, 2, 3, 4, 5)","[0.9201394  0.92153478 0.91688348 0.91835062 0.91692015 0.91759546
 0.91832935 0.92277891 0.91374877 0.91598251]",0.9182263426381045,"('lat', 'year', 'month', ('prec',), ('temp',))",0.0018840384233025807,0.0025366979553017024,0.0008455659851005675
6,"(0, 1, 2, 3, 4, 5)","[0.9200908  0.92170977 0.91687337 0.91815351 0.91699971 0.9177129
 0.91841244 0.92302329 0.91396752 0.91601505]",0.9182958367830834,"('lon', 'lat', 'year', 'month', ('prec',), ('temp',))",0.0018970311919026747,0.0025541916163300126,0.0008513972054433374
