,feature_idx,cv_scores,avg_score,feature_names,ci_bound,std_dev,std_err
1,"(5,)","[0.86703462 0.86001819 0.86077459 0.86832585 0.86336615 0.86446312
 0.86531914 0.86599006 0.86397105 0.86718307]",0.8646445835872297,"(('temp',),)",0.0019149109487765024,0.0025782651926128278,0.0008594217308709426
2,"(1, 5)","[0.90266267 0.90027805 0.89893057 0.90228444 0.9002639  0.90130897
 0.90091109 0.9037594  0.89933237 0.90529281]",0.9015024283705376,"('lat', ('temp',))",0.0014123724775771712,0.0019016397604641685,0.0006338799201547229
3,"(1, 3, 5)","[0.91766914 0.91392841 0.91538307 0.91727171 0.91548106 0.91513054
 0.91601179 0.91631822 0.91516851 0.91858253]",0.916094498045732,"('lat', 'month', ('temp',))",0.0009817745537968711,0.0013218761742757675,0.0004406253914252558
4,"(1, 3, 4, 5)","[0.91868657 0.91477971 0.91670215 0.91731253 0.91566827 0.91569862
 0.91689472 0.91744311 0.91613807 0.91932737]",0.9168651125285787,"('lat', 'month', ('prec',), ('temp',))",0.0009856763643330713,0.0013271296312577137,0.0004423765437525712
5,"(1, 2, 3, 4, 5)","[0.91886603 0.91598672 0.9174627  0.91772875 0.91632286 0.91670149
 0.91814613 0.91730833 0.91751429 0.91947988]",0.9175517167646374,"('lat', 'year', 'month', ('prec',), ('temp',))",0.0007639712245034245,0.0010286224628636108,0.0003428741542878703
6,"(0, 1, 2, 3, 4, 5)","[0.91894933 0.91612991 0.91752823 0.91777735 0.91619743 0.91683554
 0.91821385 0.91730578 0.91748566 0.91956758]",0.917599065816715,"('lon', 'lat', 'year', 'month', ('prec',), ('temp',))",0.0007760504135685446,0.0010448860665270017,0.00034829535550900053
