,feature_idx,cv_scores,avg_score,feature_names,ci_bound,std_dev,std_err
1,"(5,)","[0.85926217 0.86495959 0.8710633  0.87030576 0.87103056 0.86724318
 0.86136317 0.85795155 0.86496237 0.8735074 ]",0.8661649040921674,"(('temp',),)",0.003794043095968174,0.005108357263223032,0.0017027857544076772
2,"(1, 5)","[0.89825597 0.90179959 0.90309329 0.90589846 0.90502636 0.90163063
 0.90090467 0.89977149 0.90221877 0.90616687]",0.902476610010787,"('lat', ('temp',))",0.0018351410795907934,0.0024708618288834597,0.0008236206096278199
3,"(1, 3, 5)","[0.9144649  0.91628789 0.91693072 0.92048111 0.91991815 0.91778936
 0.91563448 0.91406307 0.91426721 0.92197232]",0.9171809208733986,"('lat', 'month', ('temp',))",0.001972743922116837,0.0026561323865123467,0.000885377462170782
4,"(1, 3, 4, 5)","[0.91312459 0.91780964 0.91810098 0.92081722 0.9213449  0.91878769
 0.91674138 0.915007   0.91524517 0.92305971]",0.9180038276273418,"('lat', 'month', ('prec',), ('temp',))",0.002194379694543683,0.002954546157581493,0.0009848487191938312
5,"(1, 2, 3, 4, 5)","[0.91406322 0.91830817 0.91935961 0.92076489 0.92207856 0.91948375
 0.91722894 0.91566136 0.91624514 0.9239236 ]",0.9187117218150375,"('lat', 'year', 'month', ('prec',), ('temp',))",0.00214088756276127,0.0028825235387012925,0.0009608411795670974
6,"(0, 1, 2, 3, 4, 5)","[0.91414395 0.91846867 0.91939982 0.92073346 0.92212614 0.91943807
 0.91709261 0.91568292 0.91640479 0.92400712]",0.9187497541535737,"('lon', 'lat', 'year', 'month', ('prec',), ('temp',))",0.002137340795068227,0.0028777481167971573,0.000959249372265719
