,feature_idx,cv_scores,avg_score,feature_names,ci_bound,std_dev,std_err
1,"(5,)","[0.86975731 0.85928877 0.8660117  0.8634449  0.86827248 0.86312501
 0.86652012 0.86225356 0.86426014 0.86489154]",0.8647825527575608,"(('temp',),)",0.0021378882366283798,0.002878485200430437,0.0009594950668101456
2,"(1, 5)","[0.90561323 0.89736411 0.90041683 0.90244006 0.90316647 0.90104887
 0.90287513 0.90126242 0.89983121 0.89841063]",0.9012428946980183,"('lat', ('temp',))",0.0017046404083324077,0.002295153742544989,0.0007650512475149962
3,"(1, 3, 5)","[0.92065339 0.91115119 0.91512244 0.91431867 0.91762577 0.91687761
 0.91858193 0.91609664 0.91430077 0.91471913]",0.9159447536989834,"('lat', 'month', ('temp',))",0.001869344073164064,0.0025169132590397644,0.0008389710863465881
4,"(1, 3, 4, 5)","[0.92079606 0.91244478 0.91632197 0.91550922 0.91843915 0.91799229
 0.91816858 0.9172965  0.91528074 0.91513354]",0.9167382835849841,"('lat', 'month', ('prec',), ('temp',))",0.0016290005572592691,0.0021933110979453036,0.0007311036993151011
5,"(1, 2, 3, 4, 5)","[0.92129043 0.91298179 0.91725504 0.91671108 0.9189696  0.91915282
 0.91911637 0.91800174 0.91577058 0.91585533]",0.9175104774599452,"('lat', 'year', 'month', ('prec',), ('temp',))",0.0016426324443322023,0.002211665277794883,0.0007372217592649609
6,"(0, 1, 2, 3, 4, 5)","[0.92139463 0.91307542 0.91720511 0.91683789 0.91906841 0.91911517
 0.91915785 0.91808015 0.91579107 0.91584395]",0.9175569648479632,"('lon', 'lat', 'year', 'month', ('prec',), ('temp',))",0.0016449812363846213,0.0022148277270969286,0.0007382759090323094
