,feature_idx,cv_scores,avg_score,feature_names,ci_bound,std_dev,std_err
1,"(5,)","[0.85933002 0.868125   0.8663243  0.87071293 0.86267185 0.86303714
 0.86332368 0.87144821 0.87016406 0.86950023]",0.8664637433776601,"(('temp',),)",0.002928421527537097,0.003942871233031007,0.0013142904110103359
2,"(1, 5)","[0.89938739 0.90333308 0.9003485  0.90219601 0.89773941 0.90058681
 0.90166855 0.9024225  0.9065005  0.90381894]",0.9018001687312365,"('lat', ('temp',))",0.001741349777674905,0.0023445797951136484,0.0007815265983712161
3,"(1, 3, 5)","[0.91384005 0.9173194  0.91461318 0.91608706 0.91409004 0.91553691
 0.91755471 0.91901284 0.91845459 0.91449057]",0.9160999352405744,"('lat', 'month', ('temp',))",0.0013264715660365625,0.0017859814681658388,0.0005953271560552796
4,"(1, 3, 4, 5)","[0.91451727 0.9184706  0.91553296 0.91650697 0.91540649 0.91640201
 0.91846629 0.91952016 0.91919998 0.91577502]",0.9169797740076225,"('lat', 'month', ('prec',), ('temp',))",0.0012528838162627384,0.001686901803930916,0.0005623006013103053
5,"(1, 2, 3, 4, 5)","[0.91486442 0.91913484 0.91645409 0.91714369 0.9163518  0.91751959
 0.91928232 0.92092314 0.92001049 0.91642719]",0.9178111561758493,"('lat', 'year', 'month', ('prec',), ('temp',))",0.0013601669525571483,0.0018313494484748813,0.0006104498161582937
6,"(0, 1, 2, 3, 4, 5)","[0.91495999 0.91923012 0.91637464 0.91707668 0.91643322 0.91760619
 0.91936036 0.92092186 0.92001774 0.91651963]",0.917850042320341,"('lon', 'lat', 'year', 'month', ('prec',), ('temp',))",0.0013550141184950654,0.0018244115944122332,0.000608137198137411
