,feature_idx,cv_scores,avg_score,feature_names,ci_bound,std_dev,std_err
1,"(5,)","[0.86694263 0.86816557 0.86542431 0.86139878 0.87330748 0.87080733
 0.86846217 0.86866463 0.86573129 0.8637086 ]",0.8672612785817566,"(('temp',),)",0.0024200103720635616,0.0032583387295581916,0.0010861129098527305
2,"(1, 5)","[0.90315613 0.90557645 0.90124744 0.90241692 0.90628623 0.90124196
 0.90419646 0.90184321 0.8991494  0.90110522]",0.9026219410444206,"('lat', ('temp',))",0.0015529908788795381,0.002090970512241634,0.0006969901707472114
3,"(1, 3, 5)","[0.91832626 0.92085034 0.9172112  0.91730614 0.92046614 0.91546914
 0.917834   0.91712453 0.91345993 0.91530124]",0.9173348915040327,"('lat', 'month', ('temp',))",0.0015944566211461614,0.0021468006175737898,0.0007156002058579298
4,"(1, 3, 4, 5)","[0.91880986 0.92185156 0.91803034 0.91784368 0.92155908 0.91622924
 0.91933375 0.91780718 0.91400493 0.91664561]",0.9182115235656868,"('lat', 'month', ('prec',), ('temp',))",0.0016687422503790718,0.0022468199173145574,0.0007489399724381858
5,"(1, 2, 3, 4, 5)","[0.91945639 0.922293   0.91825704 0.91873656 0.9224869  0.91715267
 0.91967074 0.91890896 0.91490084 0.9180453 ]",0.9189908418327439,"('lat', 'year', 'month', ('prec',), ('temp',))",0.0015828071937562598,0.0021311156515588198,0.0007103718838529397
6,"(0, 1, 2, 3, 4, 5)","[0.91941103 0.92226696 0.91833113 0.91879792 0.92251715 0.91723383
 0.91971152 0.91898318 0.91504857 0.91807622]",0.9190377488259445,"('lon', 'lat', 'year', 'month', ('prec',), ('temp',))",0.001554017301935492,0.0020923525038375112,0.0006974508346125036
