,feature_idx,cv_scores,avg_score,feature_names,ci_bound,std_dev,std_err
1,"(5,)","[0.87179463 0.86353297 0.8670757  0.87370122 0.85916433 0.86669707
 0.86576852 0.86769613 0.86678549 0.86689128]",0.8669107351969016,"(('temp',),)",0.002812417139028198,0.0037866811620128607,0.0012622270540042868
2,"(1, 5)","[0.90396915 0.90000545 0.90285587 0.90499684 0.90116775 0.90154152
 0.90052664 0.90480952 0.90296639 0.9035707 ]",0.9026409841470722,"('lat', ('temp',))",0.0012389909906059923,0.0016681962924079323,0.0005560654308026441
3,"(1, 3, 5)","[0.91834463 0.91542994 0.91705212 0.91934758 0.91463618 0.91684845
 0.91669176 0.91863016 0.91397901 0.91844473]",0.9169404550187886,"('lat', 'month', ('temp',))",0.0012719307548601248,0.0017125468914180664,0.0005708489638060221
4,"(1, 3, 4, 5)","[0.91901301 0.91671413 0.91799086 0.92061763 0.91607805 0.91776497
 0.91670756 0.91959846 0.91546619 0.91950952]",0.9179460384086605,"('lat', 'month', ('prec',), ('temp',))",0.0012016367603403578,0.0016179019892956833,0.000539300663098561
5,"(1, 2, 3, 4, 5)","[0.91913499 0.91757297 0.91887434 0.9209294  0.91672759 0.91845969
 0.91750216 0.92092721 0.91596798 0.92037652]",0.918647284922445,"('lat', 'year', 'month', ('prec',), ('temp',))",0.0012215396322287837,0.0016446995183691617,0.0005482331727897205
6,"(0, 1, 2, 3, 4, 5)","[0.91918103 0.91758993 0.91897104 0.92099385 0.91689574 0.91838723
 0.91747565 0.92102279 0.91607903 0.92040993]",0.9187006228451496,"('lon', 'lat', 'year', 'month', ('prec',), ('temp',))",0.0012167744024151178,0.0016382835405550366,0.0005460945135183455
