,feature_idx,cv_scores,avg_score,feature_names,ci_bound,std_dev,std_err
1,"(5,)","[0.86860695 0.87033911 0.86689065 0.86436491 0.86626551 0.87008986
 0.87238447 0.86613297 0.86242479 0.86436596]",0.8671865183342575,"(('temp',),)",0.002203761547577141,0.0029671780270341327,0.0009890593423447108
2,"(1, 5)","[0.90222776 0.90583556 0.90039823 0.89791813 0.90094953 0.90575868
 0.90378146 0.90454623 0.90247668 0.90343686]",0.9027329114920946,"('lat', ('temp',))",0.0017544215453280739,0.0023621798216671656,0.0007873932738890552
3,"(1, 3, 5)","[0.9169332  0.91840921 0.91626826 0.91446094 0.91531831 0.91927245
 0.91795909 0.92009041 0.9182781  0.91922042]",0.9176210383662795,"('lat', 'month', ('temp',))",0.001289460346335291,0.0017361489996884382,0.0005787163332294794
4,"(1, 3, 4, 5)","[0.91776816 0.91957569 0.91675515 0.91534081 0.9160119  0.9202978
 0.91915831 0.92010723 0.91933448 0.92006747]",0.9184417007516087,"('lat', 'month', ('prec',), ('temp',))",0.0012923278557227728,0.0017400098578907262,0.0005800032859635754
5,"(1, 2, 3, 4, 5)","[0.91866234 0.92026098 0.9173562  0.91639836 0.91664133 0.92102798
 0.91978522 0.92073692 0.91938183 0.92084705]",0.9191098215952469,"('lat', 'year', 'month', ('prec',), ('temp',))",0.0012410407189893309,0.0016709560778425756,0.0005569853592808585
6,"(0, 1, 2, 3, 4, 5)","[0.9186843  0.92030889 0.91730112 0.91652272 0.9167258  0.92100288
 0.91980691 0.92092874 0.919512   0.92084966]",0.9191643022139699,"('lon', 'lat', 'year', 'month', ('prec',), ('temp',))",0.0012384408982482938,0.0016674556397005664,0.0005558185465668554
