,feature_idx,cv_scores,avg_score,feature_names,ci_bound,std_dev,std_err
1,"(5,)","[0.85960909 0.86842934 0.8671465  0.87086539 0.86104042 0.87216321
 0.868077   0.86029414 0.86627787 0.86882158]",0.866272453799942,"(('temp',),)",0.003137743611240038,0.004224705666533676,0.0014082352221778918
2,"(1, 5)","[0.89756372 0.90340349 0.90214701 0.90359248 0.9004974  0.90471702
 0.90492822 0.89823731 0.90360798 0.90296166]",0.9021656295328888,"('lat', ('temp',))",0.0018164810747062642,0.0024457377148255676,0.0008152459049418559
3,"(1, 3, 5)","[0.91214235 0.91682085 0.91701386 0.9154883  0.91670349 0.91701392
 0.91773863 0.91454113 0.91914651 0.91823148]",0.916484053080711,"('lat', 'month', ('temp',))",0.0014102958182134503,0.0018988437147484053,0.0006329479049161351
4,"(1, 3, 4, 5)","[0.91294918 0.91767185 0.91806599 0.916253   0.91739759 0.91848145
 0.91800011 0.91582058 0.91968076 0.91929169]",0.9173612216756849,"('lat', 'month', ('prec',), ('temp',))",0.0013781760855536135,0.001855597218734688,0.000618532406244896
5,"(1, 2, 3, 4, 5)","[0.91332579 0.9189447  0.91859324 0.91670913 0.91799275 0.91911006
 0.91871408 0.91643181 0.92017014 0.92000766]",0.9179999359186471,"('lat', 'year', 'month', ('prec',), ('temp',))",0.0014420993476003548,0.001941664469871711,0.0006472214899572369
6,"(0, 1, 2, 3, 4, 5)","[0.91328018 0.9190759  0.91865574 0.91692731 0.91820427 0.91906101
 0.91886449 0.91653224 0.92024283 0.92007226]",0.9180916218666283,"('lon', 'lat', 'year', 'month', ('prec',), ('temp',))",0.0014539859418393178,0.001957668760935278,0.0006525562536450926
