,feature_idx,cv_scores,avg_score,feature_names,ci_bound,std_dev,std_err
1,"(5,)","[0.8715168  0.86506778 0.86090697 0.86482262 0.86313743 0.87414997
 0.86169362 0.86617165 0.86403348 0.86353274]",0.8655033057772599,"(('temp',),)",0.0029644150270626054,0.003991333427602634,0.0013304444758675447
2,"(1, 5)","[0.9046201  0.90294853 0.89927971 0.90503276 0.90072213 0.90611357
 0.90040567 0.9013389  0.90072547 0.90051435]",0.9021701187043508,"('lat', ('temp',))",0.0016513926509762764,0.0022234601531048513,0.0007411533843682837
3,"(1, 3, 5)","[0.91800533 0.91842482 0.9145073  0.91941658 0.91443219 0.91986684
 0.91562077 0.91545467 0.91558605 0.91492948]",0.9166244032343602,"('lat', 'month', ('temp',))",0.0014681031082470323,0.0019766763282535334,0.0006588921094178444
4,"(1, 3, 4, 5)","[0.91879737 0.91957008 0.91512369 0.91987629 0.91535595 0.92124286
 0.91679578 0.91599573 0.91662579 0.91574897]",0.9175132499213072,"('lat', 'month', ('prec',), ('temp',))",0.001530335317912508,0.0020604667207740814,0.0006868222402580273
5,"(1, 2, 3, 4, 5)","[0.91958382 0.92070462 0.91503728 0.92088689 0.91666467 0.92161619
 0.91773471 0.91648381 0.91740137 0.9165103 ]",0.9182623662933528,"('lat', 'year', 'month', ('prec',), ('temp',))",0.0015938705381184227,0.002146011506481514,0.0007153371688271712
6,"(0, 1, 2, 3, 4, 5)","[0.91954471 0.92086379 0.91484274 0.92092955 0.91681987 0.92165156
 0.91800107 0.91653382 0.91742344 0.916448  ]",0.9183058551726571,"('lon', 'lat', 'year', 'month', ('prec',), ('temp',))",0.0016241470069693876,0.0021867762041002437,0.0007289254013667478
