,feature_idx,cv_scores,avg_score,feature_names,ci_bound,std_dev,std_err
1,"(5,)","[0.86443163 0.8618003  0.86964841 0.86459601 0.8684299  0.86920806
 0.86629592 0.86417965 0.86887441 0.86613717]",0.8663601469764031,"(('temp',),)",0.0018487529201394973,0.0024891890177882714,0.0008297296725960904
2,"(1, 5)","[0.90127292 0.89935598 0.90365513 0.89975201 0.90288281 0.90440745
 0.89967241 0.90117188 0.903975   0.90312562]",0.9019271194877128,"('lat', ('temp',))",0.0013513614158138384,0.0018194935400306506,0.0006064978466768834
3,"(1, 3, 5)","[0.91596249 0.91387581 0.91819402 0.91448271 0.91765251 0.92150221
 0.91252409 0.91468126 0.91790242 0.91912911]",0.9165906631747834,"('lat', 'month', ('temp',))",0.0019421242724524193,0.002614905625032807,0.0008716352083442689
4,"(1, 3, 4, 5)","[0.91666145 0.91443179 0.91943956 0.91548372 0.91808585 0.92235506
 0.91225963 0.9156291  0.91899885 0.92011426]",0.9173459265542065,"('lat', 'month', ('prec',), ('temp',))",0.002122450030424791,0.002857698965061881,0.0009525663216872937
5,"(1, 2, 3, 4, 5)","[0.91750722 0.91511427 0.91977327 0.91592132 0.91892835 0.92305007
 0.91301416 0.9159813  0.91931486 0.92097258]",0.9179577405169497,"('lat', 'year', 'month', ('prec',), ('temp',))",0.0021252721592925727,0.002861498722243028,0.0009538329074143426
6,"(0, 1, 2, 3, 4, 5)","[0.91765775 0.91521883 0.91986392 0.91597766 0.91897676 0.92305915
 0.91289085 0.91613188 0.91912455 0.92094627]",0.9179847611963353,"('lon', 'lat', 'year', 'month', ('prec',), ('temp',))",0.002120328419434787,0.0028548423957935887,0.0009516141319311963
