,feature_idx,cv_scores,avg_score,feature_names,ci_bound,std_dev,std_err
1,"(5,)","[0.87193253 0.86047011 0.86867532 0.85864804 0.86702946 0.86657717
 0.86741481 0.86178009 0.86105344 0.86951318]",0.8653094158189004,"(('temp',),)",0.003153053891503302,0.004245319660472737,0.0014151065534909121
2,"(1, 5)","[0.90399515 0.90363495 0.90208614 0.89956752 0.9023409  0.90277618
 0.89946681 0.90076747 0.90210208 0.90639476]",0.9023131956970097,"('lat', ('temp',))",0.001477539662054567,0.001989381847659399,0.0006631272825531329
3,"(1, 3, 5)","[0.91818363 0.9151036  0.9169867  0.9161112  0.91696498 0.91764135
 0.91466576 0.91571568 0.91744803 0.91916841]",0.9167989337258542,"('lat', 'month', ('temp',))",0.0009908077535862223,0.0013340386117038276,0.0004446795372346092
4,"(1, 3, 4, 5)","[0.91912744 0.91593282 0.91776084 0.91626311 0.91812261 0.9183538
 0.91570823 0.91623278 0.91790467 0.92021478]",0.9175621084454567,"('lat', 'month', ('prec',), ('temp',))",0.0010537807519351316,0.0014188264133617565,0.0004729421377872521
5,"(1, 2, 3, 4, 5)","[0.91975683 0.91651374 0.91880312 0.91752296 0.91863432 0.919168
 0.91643296 0.91743937 0.91874233 0.92079746]",0.9183811107581693,"('lat', 'year', 'month', ('prec',), ('temp',))",0.0009861285372770791,0.0013277384437789023,0.00044257948125963405
6,"(0, 1, 2, 3, 4, 5)","[0.91979639 0.91671041 0.91880643 0.91768805 0.91869671 0.91929665
 0.91645354 0.91742848 0.91879925 0.92083215]",0.9184508080997917,"('lon', 'lat', 'year', 'month', ('prec',), ('temp',))",0.000972647561376956,0.0013095874530250256,0.0004365291510083418
