,feature_idx,cv_scores,avg_score,feature_names,ci_bound,std_dev,std_err
1,"(5,)","[0.87199159 0.87202947 0.86408789 0.86672218 0.86094154 0.86751066
 0.86457865 0.86660358 0.86406035 0.86904525]",0.8667571150991726,"(('temp',),)",0.0025075724558388662,0.003376233649389717,0.001125411216463239
2,"(1, 5)","[0.90366603 0.90418094 0.89911289 0.90625541 0.89724053 0.90325942
 0.90172678 0.90331989 0.9018396  0.90527196]",0.902587343943479,"('lat', ('temp',))",0.0019269537109168448,0.002594479750511303,0.0008648265835037676
3,"(1, 3, 5)","[0.91843984 0.91812445 0.91367789 0.91849594 0.91200855 0.91876833
 0.91513674 0.91755958 0.91907155 0.92064573]",0.9171928623745371,"('lat', 'month', ('temp',))",0.0019029821289341818,0.002562204048355412,0.0008540680161184706
4,"(1, 3, 4, 5)","[0.91915302 0.91922383 0.91409765 0.91960069 0.91260746 0.91984098
 0.91652449 0.91835117 0.91961637 0.9212759 ]",0.9180291542036769,"('lat', 'month', ('prec',), ('temp',))",0.0019470224290348813,0.0026215005774678523,0.0008738335258226174
5,"(1, 2, 3, 4, 5)","[0.92001333 0.91978859 0.91462786 0.9203549  0.9134231  0.9207273
 0.91723745 0.91839908 0.91990724 0.92241705]",0.918689589384402,"('lat', 'year', 'month', ('prec',), ('temp',))",0.0019885986146175602,0.0026774793853585914,0.0008924931284528638
6,"(0, 1, 2, 3, 4, 5)","[0.92026902 0.91996812 0.91487909 0.92060951 0.91338079 0.92040236
 0.91730186 0.91859745 0.92006103 0.92229755]",0.9187766777305042,"('lon', 'lat', 'year', 'month', ('prec',), ('temp',))",0.001967963774684107,0.002649696323389286,0.0008832321077964284
