,feature_idx,cv_scores,avg_score,feature_names,ci_bound,std_dev,std_err
1,"(5,)","[0.86752527 0.86317953 0.8615993  0.86037313 0.86793559 0.87686359
 0.87005741 0.87007794 0.8571272  0.86549507]",0.8660234021316683,"(('temp',),)",0.004034931312034479,0.005432692816889994,0.0018108976056299979
2,"(1, 5)","[0.90256894 0.89889739 0.90312513 0.89731187 0.90538643 0.90864123
 0.90021151 0.9054749  0.90064816 0.89933017]",0.9021595733357415,"('lat', ('temp',))",0.0024938197857601214,0.0033577168454661877,0.001119238948488729
3,"(1, 3, 5)","[0.91655206 0.91674653 0.91772732 0.91501782 0.91755729 0.9175822
 0.91654119 0.92014909 0.91470798 0.91416132]",0.9166742790364486,"('lat', 'month', ('temp',))",0.0012372403893164614,0.0016658392562367073,0.0005552797520789024
4,"(1, 3, 4, 5)","[0.91758297 0.91764609 0.9188279  0.91527293 0.918627   0.91858839
 0.91757912 0.9215285  0.91531395 0.91426245]",0.9175229294624192,"('lat', 'month', ('prec',), ('temp',))",0.001498300535784446,0.002017334603446908,0.000672444867815636
5,"(1, 2, 3, 4, 5)","[0.91813152 0.91793648 0.91935557 0.91624349 0.91934997 0.91942609
 0.91845536 0.92260885 0.91625434 0.91536723]",0.9183128892887463,"('lat', 'year', 'month', ('prec',), ('temp',))",0.0014714150790020477,0.0019811356159932917,0.0006603785386644304
6,"(0, 1, 2, 3, 4, 5)","[0.91818172 0.91790249 0.91950691 0.91621941 0.91935898 0.9194646
 0.91846585 0.92265929 0.91624696 0.91539165]",0.9183397867445269,"('lon', 'lat', 'year', 'month', ('prec',), ('temp',))",0.0014877228147891011,0.0020030925992028503,0.0006676975330676167
