,feature_idx,cv_scores,avg_score,feature_names,ci_bound,std_dev,std_err
1,"(5,)","[0.86863148 0.87406702 0.86913667 0.86732474 0.86027635 0.87020552
 0.86035254 0.86856606 0.86657629 0.86837919]",0.8673515858718872,"(('temp',),)",0.00297312414609052,0.004003059517770087,0.0013343531725900288
2,"(1, 5)","[0.90362124 0.90583554 0.90510928 0.89790583 0.9004212  0.90507681
 0.90026991 0.90825132 0.90045663 0.90254169]",0.902948945072092,"('lat', ('temp',))",0.002246280896304557,0.0030244267241114073,0.001008142241370469
3,"(1, 3, 5)","[0.9167038  0.91921545 0.91886359 0.91399151 0.91461683 0.91864561
 0.91475966 0.92165152 0.91626957 0.9188784 ]",0.9173595941446759,"('lat', 'month', ('temp',))",0.001747066039473042,0.0023522762568396706,0.0007840920856132234
4,"(1, 3, 4, 5)","[0.91752164 0.920509   0.91916855 0.9144793  0.91532193 0.91924778
 0.91582858 0.92221475 0.91702982 0.91979912]",0.9181120475078274,"('lat', 'month', ('prec',), ('temp',))",0.0017504308665742332,0.0023568067111669096,0.0007856022370556365
5,"(1, 2, 3, 4, 5)","[0.91803759 0.92150297 0.91926007 0.9155221  0.91584473 0.92023251
 0.91641006 0.92250655 0.91797301 0.92055065]",0.9187840237138101,"('lat', 'year', 'month', ('prec',), ('temp',))",0.0017070414437798946,0.0022983865331478314,0.0007661288443826104
6,"(0, 1, 2, 3, 4, 5)","[0.91798907 0.92154623 0.9193241  0.9156333  0.91589056 0.92030959
 0.91647919 0.92248945 0.91808482 0.9206774 ]",0.9188423704140604,"('lon', 'lat', 'year', 'month', ('prec',), ('temp',))",0.001697908677160646,0.0022860900374273856,0.0007620300124757952
