,feature_idx,cv_scores,avg_score,feature_names,ci_bound,std_dev,std_err
1,"(5,)","[0.86623549 0.86582695 0.8674694  0.87116725 0.8684234  0.86638906
 0.86565847 0.86929629 0.86413133 0.85907992]",0.8663677565997764,"(('temp',),)",0.0023009537606055973,0.0030980390991922862,0.001032679699730762
2,"(1, 5)","[0.90400387 0.90324058 0.90104278 0.90332725 0.90088152 0.90347423
 0.90512978 0.90269581 0.90098499 0.89969794]",0.9024478746618148,"('lat', ('temp',))",0.001203566450248858,0.001620500153104189,0.0005401667177013963
3,"(1, 3, 5)","[0.91875493 0.9162382  0.91516115 0.91699278 0.91740269 0.91863179
 0.91918414 0.9162357  0.91489385 0.91506678]",0.9168562027245455,"('lat', 'month', ('temp',))",0.0011309607006830277,0.001522742668867781,0.0005075808896225936
4,"(1, 3, 4, 5)","[0.91920535 0.91711141 0.91627018 0.91776318 0.9178077  0.91967629
 0.91989079 0.9173233  0.91620505 0.91584845]",0.9177101707493642,"('lat', 'month', ('prec',), ('temp',))",0.0010286435097252038,0.0013849812485672553,0.00046166041618908506
5,"(1, 2, 3, 4, 5)","[0.92009931 0.91735824 0.91682964 0.91826801 0.91865892 0.92051205
 0.92060317 0.91852911 0.91659627 0.91633012]",0.918378482122628,"('lat', 'year', 'month', ('prec',), ('temp',))",0.0011358407475941762,0.001529313238166249,0.0005097710793887496
6,"(0, 1, 2, 3, 4, 5)","[0.92003387 0.91740529 0.91703005 0.91837509 0.91876537 0.92025978
 0.92055921 0.91884928 0.91662032 0.9164621 ]",0.9184360347731954,"('lon', 'lat', 'year', 'month', ('prec',), ('temp',))",0.0010737904960653585,0.0014457678368451907,0.00048192261228173017
