,feature_idx,cv_scores,avg_score,feature_names,ci_bound,std_dev,std_err
1,"(5,)","[0.86276269 0.86958957 0.87035226 0.86744568 0.86951775 0.86406085
 0.86869116 0.86563898 0.86703286 0.86661531]",0.8671707091640309,"(('temp',),)",0.0017519951923624366,0.002358912943173264,0.0007863043143910879
2,"(1, 5)","[0.90078773 0.89908995 0.90535614 0.90394871 0.90151361 0.90239827
 0.90523858 0.90166719 0.90339227 0.90154709]",0.9024939520170261,"('lat', ('temp',))",0.0014032590682691458,0.0018893693277216286,0.0006297897759072095
3,"(1, 3, 5)","[0.91765598 0.91338007 0.91859964 0.91869361 0.91468964 0.91540053
 0.920006   0.91553113 0.91688342 0.91556591]",0.9166405918622121,"('lat', 'month', ('temp',))",0.0014635314435434193,0.0019705209694442097,0.0006568403231480697
4,"(1, 3, 4, 5)","[0.9186478  0.91429966 0.91984715 0.9198259  0.91571961 0.91629441
 0.91989577 0.91571935 0.91795974 0.91643791]",0.9174647298153424,"('lat', 'month', ('prec',), ('temp',))",0.0014351687894237773,0.001932333061054259,0.0006441110203514196
5,"(1, 2, 3, 4, 5)","[0.91938945 0.91521568 0.92042931 0.92099141 0.91638738 0.91730206
 0.92071647 0.91602247 0.91832128 0.91720467]",0.918198016847759,"('lat', 'year', 'month', ('prec',), ('temp',))",0.00147151409827528,0.001981268937047064,0.0006604229790156881
6,"(0, 1, 2, 3, 4, 5)","[0.91942648 0.91524319 0.92044484 0.92100595 0.91642283 0.9172684
 0.92079269 0.91605895 0.91840201 0.91726157]",0.9182326906300311,"('lon', 'lat', 'year', 'month', ('prec',), ('temp',))",0.001474296031974607,0.0019850145748427613,0.0006616715249475871
