,feature_idx,cv_scores,avg_score,feature_names,ci_bound,std_dev,std_err
1,"(5,)","[0.87068944 0.86622147 0.86565602 0.86795644 0.86481763 0.86672293
 0.86818849 0.86616665 0.8670459  0.85880671]",0.8662271671001642,"(('temp',),)",0.0021659352504412106,0.0029162481259161132,0.0009720827086387043
2,"(1, 5)","[0.90732022 0.904453   0.90248985 0.90608809 0.90086316 0.90135333
 0.90349412 0.89742134 0.9041669  0.89423828]",0.9021888285344424,"('lat', ('temp',))",0.0027865552035711955,0.003751860259221014,0.0012506200864070046
3,"(1, 3, 5)","[0.91742685 0.91740363 0.91685357 0.91945031 0.91473622 0.91559899
 0.91814463 0.91566765 0.91941495 0.9120665 ]",0.9166763289791419,"('lat', 'month', ('temp',))",0.0015871700615811308,0.0021369898830785787,0.0007123299610261928
4,"(1, 3, 4, 5)","[0.9189586  0.91810455 0.91784323 0.92054413 0.91549908 0.91615525
 0.91941398 0.9159735  0.91944332 0.91303388]",0.9174969504235811,"('lat', 'month', ('prec',), ('temp',))",0.001617097072872615,0.0021772840657302913,0.0007257613552434304
5,"(1, 2, 3, 4, 5)","[0.91904729 0.91834885 0.91879003 0.9209099  0.91659034 0.91713477
 0.92008663 0.91721316 0.92021536 0.91389163]",0.9182227950856866,"('lat', 'year', 'month', ('prec',), ('temp',))",0.0014725444943487387,0.001982656277974067,0.0006608854259913557
6,"(0, 1, 2, 3, 4, 5)","[0.91913594 0.91823917 0.91869391 0.92096502 0.91635543 0.91719969
 0.92019278 0.91726576 0.92035369 0.91414387]",0.9182545252243184,"('lon', 'lat', 'year', 'month', ('prec',), ('temp',))",0.0014681439873649197,0.0019767313685188893,0.000658910456172963
