,feature_idx,cv_scores,avg_score,feature_names,ci_bound,std_dev,std_err
1,"(5,)","[0.86654459 0.86110459 0.86777745 0.86579935 0.86800885 0.8628652
 0.87012653 0.87123547 0.86529858 0.86917136]",0.8667931977278137,"(('temp',),)",0.002228384573905776,0.003000330843754133,0.0010001102812513775
2,"(1, 5)","[0.90139289 0.90086725 0.90301957 0.90167446 0.90093406 0.90383831
 0.90306971 0.90379713 0.90142754 0.90424795]",0.9024268871025539,"('lat', ('temp',))",0.0009170462163298831,0.0012347249573622804,0.0004115749857874268
3,"(1, 3, 5)","[0.91558971 0.91548888 0.91796558 0.91703783 0.91483601 0.91648079
 0.91813497 0.91777397 0.91721698 0.91874618]",0.9169270916195058,"('lat', 'month', ('temp',))",0.0009123245878929721,0.0012283676851042068,0.0004094558950347356
4,"(1, 3, 4, 5)","[0.91586711 0.91682045 0.9191244  0.91823551 0.91516172 0.91703012
 0.91912473 0.91821963 0.91827338 0.92025795]",0.9178115002332838,"('lat', 'month', ('prec',), ('temp',))",0.0011112880113836544,0.0014962550611291188,0.0004987516870430395
5,"(1, 2, 3, 4, 5)","[0.91679153 0.91793067 0.92005478 0.91833268 0.91605231 0.91808146
 0.91946699 0.91891755 0.91866795 0.92091718]",0.9185213101153515,"('lat', 'year', 'month', ('prec',), ('temp',))",0.0010191827460348493,0.0013722431326073665,0.00045741437753578877
6,"(0, 1, 2, 3, 4, 5)","[0.91676964 0.91798287 0.92012848 0.9182959  0.91607039 0.91817739
 0.91944985 0.91896402 0.91861476 0.9209251 ]",0.918537838520311,"('lon', 'lat', 'year', 'month', ('prec',), ('temp',))",0.0010226731078808217,0.0013769426088220927,0.00045898086960736425
