,feature_idx,cv_scores,avg_score,feature_names,ci_bound,std_dev,std_err
1,"(5,)","[0.86923911 0.86432612 0.87247758 0.85905335 0.86702302 0.86295512
 0.86522541 0.86585542 0.8661953  0.86959626]",0.8661946674593777,"(('temp',),)",0.0026472239871302952,0.003564262592695841,0.0011880875308986135
2,"(1, 5)","[0.90394601 0.90256276 0.9088149  0.8999134  0.9015404  0.90251493
 0.89704803 0.90255241 0.90068833 0.90501795]",0.9024599120236184,"('lat', ('temp',))",0.0022146963727159197,0.0029819008417220085,0.0009939669472406694
3,"(1, 3, 5)","[0.91682921 0.91743942 0.91976302 0.91565348 0.9156197  0.91767512
 0.91281078 0.91829265 0.91612021 0.91712244]",0.9167326028127543,"('lat', 'month', ('temp',))",0.0013145217037766168,0.0017698919920776577,0.0005899639973592192
4,"(1, 3, 4, 5)","[0.91742783 0.9180528  0.92088298 0.91631458 0.91684173 0.91875422
 0.91335213 0.91890392 0.91723957 0.9181667 ]",0.917593645001508,"('lat', 'month', ('prec',), ('temp',))",0.001384864094964226,0.0018646020562088617,0.0006215340187362873
5,"(1, 2, 3, 4, 5)","[0.91817668 0.91851817 0.92177918 0.91703875 0.91739347 0.91969192
 0.91423451 0.91943963 0.91815662 0.91867459]",0.9183103519496839,"('lat', 'year', 'month', ('prec',), ('temp',))",0.0013796131765750961,0.0018575321399181886,0.0006191773799727295
6,"(0, 1, 2, 3, 4, 5)","[0.9183266  0.91865502 0.92181385 0.91702747 0.91726637 0.91984172
 0.91418287 0.91956186 0.91823966 0.9187874 ]",0.9183702823640416,"('lon', 'lat', 'year', 'month', ('prec',), ('temp',))",0.0014145391627710569,0.0019045570183253318,0.0006348523394417772
