,feature_idx,cv_scores,avg_score,feature_names,ci_bound,std_dev,std_err
1,"(5,)","[0.86505797 0.86500509 0.86170522 0.87132918 0.86635695 0.86809853
 0.86414426 0.86672041 0.86708081 0.86040918]",0.8655907590229329,"(('temp',),)",0.002202831901167187,0.0029659263369846535,0.0009886421123282178
2,"(1, 5)","[0.90242439 0.90242751 0.90061085 0.90497037 0.90300475 0.90438601
 0.90295405 0.90039377 0.90249256 0.90183475]",0.9025499012398118,"('lat', ('temp',))",0.001011684389826351,0.0013621472318937923,0.00045404907729793074
3,"(1, 3, 5)","[0.91581005 0.91672998 0.91456568 0.92055331 0.91675161 0.91830522
 0.91737944 0.91384001 0.91810296 0.91770088]",0.9169739132981176,"('lat', 'month', ('temp',))",0.0013621558284070525,0.001834027301134041,0.0006113424337113471
4,"(1, 3, 4, 5)","[0.91673975 0.91762024 0.91558831 0.92209757 0.91800555 0.91821568
 0.91839427 0.91491024 0.91885836 0.9181905 ]",0.9178620483635571,"('lat', 'month', ('prec',), ('temp',))",0.0013829263156569318,0.0018619930007109267,0.0006206643335703089
5,"(1, 2, 3, 4, 5)","[0.9172393  0.91820942 0.91593222 0.92296679 0.91910572 0.91869975
 0.91939139 0.91602159 0.91967095 0.91896065]",0.9186197786240944,"('lat', 'year', 'month', ('prec',), ('temp',))",0.0014286986345861525,0.0019236215462867855,0.0006412071820955951
6,"(0, 1, 2, 3, 4, 5)","[0.91725574 0.91822224 0.91594135 0.9230699  0.9191728  0.9186207
 0.91935688 0.91613307 0.91970056 0.91893094]",0.9186404182317303,"('lon', 'lat', 'year', 'month', ('prec',), ('temp',))",0.0014342200633224176,0.0019310556818184143,0.0006436852272728047
