,feature_idx,cv_scores,avg_score,feature_names,ci_bound,std_dev,std_err
1,"(5,)","[0.86091118 0.87249573 0.86873902 0.86241219 0.86577988 0.86547129
 0.8695852  0.86361143 0.86814287 0.86765461]",0.8664803387288227,"(('temp',),)",0.0024897450778981465,0.003352230596898175,0.0011174101989660581
2,"(1, 5)","[0.90146357 0.90699111 0.90257159 0.89874309 0.90185871 0.90337175
 0.90126946 0.90315699 0.90181084 0.9025821 ]",0.9023819208449051,"('lat', ('temp',))",0.0014634095073627175,0.001970356792718067,0.000656785597572689
3,"(1, 3, 5)","[0.91641624 0.92184336 0.91656671 0.91508529 0.91623257 0.91922479
 0.91530532 0.91686509 0.9150962  0.91678277]",0.916941833656967,"('lat', 'month', ('temp',))",0.0014802049245090517,0.00199297039751858,0.0006643234658395265
4,"(1, 3, 4, 5)","[0.91714546 0.92319936 0.9176418  0.91574437 0.91710057 0.91916345
 0.91616652 0.91777168 0.91545067 0.91796944]",0.917735331118893,"('lat', 'month', ('prec',), ('temp',))",0.001564211247952537,0.0021060777876205057,0.0007020259292068352
5,"(1, 2, 3, 4, 5)","[0.91791693 0.92360371 0.91808685 0.91658405 0.91761407 0.91933598
 0.91718521 0.91831239 0.91654537 0.91915661]",0.9184341173069696,"('lat', 'year', 'month', ('prec',), ('temp',))",0.0014418056293421984,0.0019412690031467836,0.0006470896677155945
6,"(0, 1, 2, 3, 4, 5)","[0.91783182 0.92366465 0.91807739 0.91652837 0.91758913 0.91939159
 0.91730607 0.91843927 0.91671809 0.9192527 ]",0.9184799063050519,"('lon', 'lat', 'year', 'month', ('prec',), ('temp',))",0.0014473860993605846,0.0019487826327576109,0.0006495942109192036
