,feature_idx,cv_scores,avg_score,feature_names,ci_bound,std_dev,std_err
1,"(5,)","[0.8689186  0.86551359 0.86192075 0.86773682 0.86845742 0.86609102
 0.87150755 0.86921975 0.86098621 0.8703363 ]",0.8670687994917238,"(('temp',),)",0.0024371505582122155,0.003281416536581131,0.0010938055121937104
2,"(1, 5)","[0.9050488  0.89923381 0.90202105 0.90227395 0.90244114 0.90434796
 0.90365457 0.90340041 0.90031802 0.9029852 ]",0.9025724908899064,"('lat', ('temp',))",0.0012417076186614555,0.001671854001692613,0.0005572846672308709
3,"(1, 3, 5)","[0.92166078 0.91458078 0.91457499 0.91671842 0.91848324 0.91934717
 0.91636714 0.91709355 0.91476517 0.91780243]",0.9171393661612468,"('lat', 'month', ('temp',))",0.0016118419028272964,0.002170208424945134,0.0007234028083150447
4,"(1, 3, 4, 5)","[0.92245659 0.91590078 0.91552125 0.91794596 0.91928841 0.92037919
 0.91738767 0.91850509 0.91571562 0.9184511 ]",0.9181551657081398,"('lat', 'month', ('prec',), ('temp',))",0.0015498837189427525,0.002086786984899011,0.0006955956616330036
5,"(1, 2, 3, 4, 5)","[0.923509   0.91615425 0.91597915 0.91927174 0.91999211 0.92105277
 0.91867218 0.91894775 0.91591345 0.91907049]",0.9188562891636687,"('lat', 'year', 'month', ('prec',), ('temp',))",0.0016979115700493724,0.0022860939324567155,0.000762031310818905
6,"(0, 1, 2, 3, 4, 5)","[0.92354855 0.91628887 0.91612739 0.91930302 0.92000737 0.92101236
 0.91862944 0.91900927 0.91599451 0.91917239]",0.9189093174303984,"('lon', 'lat', 'year', 'month', ('prec',), ('temp',))",0.0016701223117575883,0.0022486780529203786,0.0007495593509734594
