,feature_idx,cv_scores,avg_score,feature_names,ci_bound,std_dev,std_err
1,"(5,)","[0.94651703 0.94483753 0.94481954 0.95314819 0.94370567 0.9421857
 0.9398704  0.94622869 0.95008028 0.9434945 ]",0.9454887530293753,"(('temp',),)",0.0026969620760528756,0.003631230711238432,0.0012104102370794772
2,"(3, 5)","[0.95100968 0.94954649 0.94917914 0.95638692 0.94943816 0.94680023
 0.94321398 0.95094352 0.95300249 0.9482742 ]",0.949779481061969,"('month', ('temp',))",0.0024821870229477473,0.0033420543168915665,0.0011140181056305222
3,"(0, 3, 5)","[0.95256056 0.95040717 0.95115772 0.95753137 0.95054903 0.94822795
 0.94422923 0.95212957 0.95415659 0.9498298 ]",0.9510778989913709,"('lon', 'month', ('temp',))",0.002482817885370755,0.003342903719641918,0.0011143012398806393
4,"(0, 2, 3, 5)","[0.95332387 0.95107032 0.95215239 0.95845253 0.95215416 0.94872738
 0.94516853 0.95297778 0.95489082 0.95023333]",0.9519151100362132,"('lon', 'year', 'month', ('temp',))",0.00250812656795105,0.0033769797143555903,0.0011256599047851966
5,"(0, 1, 2, 3, 5)","[0.95404149 0.95224114 0.95311428 0.95828091 0.95272243 0.94974869
 0.946378   0.95335394 0.9558383  0.95089399]",0.9526613164838164,"('lon', 'lat', 'year', 'month', ('temp',))",0.002295571955226148,0.003090792954669421,0.0010302643182231402
6,"(0, 1, 2, 3, 4, 5)","[0.95457607 0.95209481 0.95335927 0.95858287 0.95283549 0.95021437
 0.94684808 0.95371689 0.95620884 0.95135334]",0.9529790027117704,"('lon', 'lat', 'year', 'month', ('prec',), ('temp',))",0.0022741037193266442,0.0030618877957105375,0.0010206292652368458
