,feature_idx,cv_scores,avg_score,feature_names,ci_bound,std_dev,std_err
1,"(5,)","[0.95139346 0.94201955 0.93895747 0.94606034 0.94700319 0.94541702
 0.94297391 0.94718232 0.95134506 0.94595189]",0.9458304223759271,"(('temp',),)",0.0027260702658924558,0.0036704224202478287,0.0012234741400826094
2,"(3, 5)","[0.95499312 0.94785125 0.94381908 0.95053127 0.95233533 0.94936952
 0.94652082 0.95139579 0.95456532 0.94879321]",0.9500174697398535,"('month', ('temp',))",0.002465919424471568,0.0033201513751671317,0.0011067171250557105
3,"(0, 3, 5)","[0.95581571 0.94916741 0.94438594 0.95106527 0.95301571 0.95085484
 0.9480554  0.95278035 0.95668887 0.9499653 ]",0.951179480704074,"('lon', 'month', ('temp',))",0.002565701147355783,0.0034544990027347137,0.0011514996675782378
4,"(0, 2, 3, 5)","[0.95639393 0.94961771 0.94579286 0.95195349 0.953511   0.95195791
 0.9492744  0.95325128 0.9573721  0.95087998]",0.9520004679557118,"('lon', 'year', 'month', ('temp',))",0.0024055880077036443,0.0032389202390805463,0.0010796400796935154
5,"(0, 1, 2, 3, 5)","[0.95690749 0.95075514 0.94671465 0.95314513 0.95358484 0.95308603
 0.94979498 0.9544892  0.95799901 0.95132025]",0.9527796709062949,"('lon', 'lat', 'year', 'month', ('temp',))",0.002348666518863282,0.0031622802817589937,0.0010540934272529978
6,"(0, 1, 2, 3, 4, 5)","[0.95746792 0.95127721 0.94709189 0.95358368 0.9532181  0.95340336
 0.94989618 0.95484675 0.9582256  0.95187443]",0.953088512051562,"('lon', 'lat', 'year', 'month', ('prec',), ('temp',))",0.002347803833999458,0.0031611187497524985,0.0010537062499174994
