,feature_idx,cv_scores,avg_score,feature_names,ci_bound,std_dev,std_err
1,"(5,)","[0.94253576 0.94414397 0.94823663 0.94252071 0.94381715 0.94880711
 0.9444487  0.95020017 0.94607487 0.95054168]",0.9461326749965903,"(('temp',),)",0.002174295966064805,0.0029275051204470702,0.0009758350401490235
2,"(3, 5)","[0.94894193 0.94846284 0.95245157 0.94936778 0.94702428 0.95329895
 0.94789987 0.9543263  0.95075875 0.95385668]",0.9506388954053746,"('month', ('temp',))",0.0018807730946812243,0.002532301467239286,0.0008441004890797621
3,"(0, 3, 5)","[0.94994436 0.94988642 0.9535121  0.95061843 0.94780234 0.95441673
 0.9496584  0.95474972 0.95172877 0.95509317]",0.9517410423826238,"('lon', 'month', ('temp',))",0.0017942889877949305,0.002415857951867667,0.000805285983955889
4,"(0, 2, 3, 5)","[0.95019416 0.95064426 0.95478568 0.95090155 0.94846733 0.95532455
 0.95042479 0.95578759 0.95260518 0.95611891]",0.9525254007412327,"('lon', 'year', 'month', ('temp',))",0.0019508966485382057,0.002626716885463974,0.0008755722951546579
5,"(0, 1, 2, 3, 5)","[0.95089333 0.95139399 0.95562352 0.95174436 0.94964164 0.95525247
 0.95131587 0.95618855 0.95308633 0.95650594]",0.9531645990307311,"('lon', 'lat', 'year', 'month', ('temp',))",0.0017710285193570559,0.002384539703791662,0.0007948465679305539
6,"(0, 1, 2, 3, 4, 5)","[0.95159832 0.95165518 0.95612809 0.95183848 0.94995365 0.95534676
 0.95191155 0.95642516 0.95321819 0.9570515 ]",0.953512687948194,"('lon', 'lat', 'year', 'month', ('prec',), ('temp',))",0.0017645487183007493,0.0023758152012088108,0.0007919384004029368
