,feature_idx,cv_scores,avg_score,feature_names,ci_bound,std_dev,std_err
1,"(5,)","[0.93947021 0.95180544 0.94389208 0.93810319 0.95345425 0.94775732
 0.9460414  0.94378693 0.94351121 0.94221525]",0.9450037298209402,"(('temp',),)",0.0034621135298996343,0.004661442252819862,0.001553814084273287
2,"(3, 5)","[0.94528283 0.95440485 0.9484005  0.94204599 0.95719461 0.95243191
 0.95106637 0.94996621 0.94782537 0.9474379 ]",0.9496056558841055,"('month', ('temp',))",0.003116140126937295,0.004195618407069988,0.0013985394690233291
3,"(0, 3, 5)","[0.94678602 0.95620363 0.9489357  0.94354838 0.95857836 0.95371352
 0.95159643 0.95084992 0.94896539 0.94838919]",0.9507566532582195,"('lon', 'month', ('temp',))",0.0031524657311317954,0.004244527752413253,0.001414842584137751
4,"(0, 2, 3, 5)","[0.94837787 0.95712361 0.9500524  0.94491522 0.95919721 0.95430552
 0.9522058  0.95118975 0.95024462 0.94911028]",0.9516722271951075,"('lon', 'year', 'month', ('temp',))",0.0029850222350297374,0.004019079285472702,0.0013396930951575675
5,"(0, 1, 2, 3, 5)","[0.94888208 0.95777658 0.95093211 0.94572071 0.9601305  0.95438101
 0.95275341 0.95165965 0.95103938 0.94996853]",0.952324395230932,"('lon', 'lat', 'year', 'month', ('temp',))",0.0029719206541608595,0.0040014391179526345,0.0013338130393175448
6,"(0, 1, 2, 3, 4, 5)","[0.9491491  0.95807217 0.95100024 0.94598072 0.96059018 0.95482762
 0.95310281 0.95183577 0.95137661 0.95006409]",0.9525999297883058,"('lon', 'lat', 'year', 'month', ('prec',), ('temp',))",0.0030241937561261713,0.0040718204165676826,0.0013572734721892276
