,feature_idx,cv_scores,avg_score,feature_names,ci_bound,std_dev,std_err
1,"(5,)","[0.95047048 0.9411674  0.94908745 0.9389362  0.95142727 0.94570436
 0.94657487 0.95029408 0.93462754 0.94218066]",0.9450470326122697,"(('temp',),)",0.003971395629318114,0.005347147408451464,0.0017823824694838213
2,"(3, 5)","[0.95540233 0.94579791 0.9516137  0.94491695 0.9554596  0.95019551
 0.94988323 0.95531063 0.94020086 0.94688809]",0.9495668800855196,"('month', ('temp',))",0.0036170747773857257,0.0048700844305945125,0.0016233614768648374
3,"(0, 3, 5)","[0.95628118 0.94701386 0.95291345 0.94620904 0.95608275 0.95168351
 0.95126413 0.95621392 0.94156417 0.94756835]",0.9506794354765852,"('lon', 'month', ('temp',))",0.0035130758324456893,0.004730058671183258,0.0015766862237277528
4,"(0, 2, 3, 5)","[0.95727589 0.9480187  0.95375784 0.94716215 0.95693551 0.95279413
 0.95244561 0.95644604 0.94228894 0.94825806]",0.9515382860017176,"('lon', 'year', 'month', ('temp',))",0.003493998754185919,0.004704373003196795,0.0015681243343989317
5,"(0, 1, 2, 3, 5)","[0.95763182 0.94818262 0.95431245 0.94778745 0.95843373 0.95374407
 0.95329529 0.95709025 0.94298084 0.94883563]",0.952229415538242,"('lon', 'lat', 'year', 'month', ('temp',))",0.0035792153433473434,0.004819109913447618,0.001606369971149206
6,"(0, 1, 2, 3, 4, 5)","[0.9581424  0.94820803 0.95478888 0.9481564  0.95841042 0.9537707
 0.95347849 0.95775412 0.94344413 0.94938626]",0.9525539842203055,"('lon', 'lat', 'year', 'month', ('prec',), ('temp',))",0.003570815549143969,0.004807800302923167,0.0016026001009743888
