,feature_idx,cv_scores,avg_score,feature_names,ci_bound,std_dev,std_err
1,"(5,)","[0.9476151  0.94557317 0.94257821 0.95260787 0.9512521  0.94544469
 0.93756031 0.94440358 0.94451703 0.94428102]",0.9455833073427229,"(('temp',),)",0.003000882037413587,0.004040433164343218,0.0013468110547810725
2,"(3, 5)","[0.9518245  0.95103372 0.94814045 0.95702628 0.95535908 0.94843055
 0.94303221 0.95083078 0.94816344 0.94743002]",0.9501271024161312,"('month', ('temp',))",0.0028520895163511614,0.0038400966535402097,0.0012800322178467365
3,"(0, 3, 5)","[0.95370743 0.95179189 0.9490109  0.95747939 0.95597771 0.9500134
 0.94490087 0.95107892 0.94898736 0.94891159]",0.9511859453888605,"('lon', 'month', ('temp',))",0.002625038686664112,0.00353439196711079,0.0011781306557035966
4,"(0, 2, 3, 5)","[0.9543305  0.95230776 0.94983925 0.9583179  0.95641855 0.9508777
 0.94508667 0.95192812 0.94970022 0.95024823]",0.9519054895518252,"('lon', 'year', 'month', ('temp',))",0.0026464082190659813,0.003563164230180963,0.0011877214100603209
5,"(0, 1, 2, 3, 5)","[0.9549518  0.95273824 0.95095176 0.95857049 0.95686115 0.9522197
 0.94576257 0.95266757 0.95060358 0.95106725]",0.9526394115605464,"('lon', 'lat', 'year', 'month', ('temp',))",0.0025218365329449425,0.0033954390195041033,0.0011318130065013675
6,"(0, 1, 2, 3, 4, 5)","[0.95541707 0.9524063  0.95106571 0.95847025 0.95751308 0.95272055
 0.94630356 0.95271237 0.95099928 0.95173978]",0.9529347963136725,"('lon', 'lat', 'year', 'month', ('prec',), ('temp',))",0.0024720113318405894,0.0033283536117965713,0.0011094512039321904
