,feature_idx,cv_scores,avg_score,feature_names,ci_bound,std_dev,std_err
1,"(5,)","[0.95154341 0.93868174 0.9420285  0.94364902 0.94904504 0.94269474
 0.94553466 0.95149479 0.93972546 0.94769818]",0.9452095543747436,"(('temp',),)",0.003256083624250112,0.004384040457862833,0.001461346819287611
2,"(3, 5)","[0.95621742 0.94391584 0.94610781 0.94955361 0.95368337 0.94841747
 0.9502767  0.95527505 0.94320632 0.95071267]",0.9497366269211657,"('month', ('temp',))",0.0031594928768069134,0.004253989208106089,0.0014179964027020299
3,"(0, 3, 5)","[0.95702307 0.94544265 0.9478435  0.95061107 0.95502698 0.94875851
 0.95162365 0.95577134 0.94485596 0.9521852 ]",0.9509141941044265,"('lon', 'month', ('temp',))",0.002977824892827299,0.004009388674589869,0.0013364628915299563
4,"(0, 2, 3, 5)","[0.9575846  0.94655631 0.94809425 0.95117211 0.95555652 0.9496129
 0.95245466 0.95659143 0.94587467 0.95307499]",0.9516572436273771,"('lon', 'year', 'month', ('temp',))",0.00291364432027699,0.0039229749766818015,0.0013076583255606006
5,"(0, 1, 2, 3, 5)","[0.95853686 0.947172   0.94936472 0.95172283 0.95574802 0.9502557
 0.95337577 0.95716929 0.94657937 0.95376393]",0.9523688487290594,"('lon', 'lat', 'year', 'month', ('temp',))",0.0028755596246291797,0.0038716971638818164,0.0012905657212939389
6,"(0, 1, 2, 3, 4, 5)","[0.95872411 0.94729118 0.94985978 0.9519766  0.9560998  0.9505134
 0.95359754 0.95758639 0.94724576 0.95396967]",0.9526864225332506,"('lon', 'lat', 'year', 'month', ('prec',), ('temp',))",0.0028429178618823267,0.0038277477986283,0.0012759159328760998
