,feature_idx,cv_scores,avg_score,feature_names,ci_bound,std_dev,std_err
1,"(5,)","[0.94486618 0.95165063 0.94916916 0.94725187 0.94690155 0.93714267
 0.94733248 0.94002101 0.94747167 0.94440908]",0.9456216290860292,"(('temp',),)",0.0030158168117677734,0.004060541571421641,0.0013535138571405467
2,"(3, 5)","[0.95027067 0.9555045  0.95564779 0.95239786 0.95006935 0.9412955
 0.95182716 0.94534985 0.9508332  0.94878859]",0.9501984463714098,"('month', ('temp',))",0.0030669947916414416,0.004129448381015489,0.0013764827936718295
3,"(0, 3, 5)","[0.95149209 0.95657684 0.95597698 0.95303693 0.95192173 0.94321019
 0.95309646 0.94680988 0.95222577 0.94924509]",0.951359196539679,"('lon', 'month', ('temp',))",0.002847969626715054,0.003834549571545108,0.0012781831905150358
4,"(0, 2, 3, 5)","[0.95254003 0.95734347 0.95633514 0.95421075 0.95254862 0.94445141
 0.95336907 0.94766245 0.95261748 0.95017826]",0.9521256676617653,"('lon', 'year', 'month', ('temp',))",0.0027191622382570935,0.0036611213468933515,0.0012203737822977837
5,"(0, 1, 2, 3, 5)","[0.95311374 0.95809386 0.95574367 0.95545196 0.95295553 0.94569871
 0.9539485  0.9480674  0.95342979 0.9508844 ]",0.9527387557935265,"('lon', 'lat', 'year', 'month', ('temp',))",0.0025943884539994188,0.0034931240282150655,0.0011643746760716884
6,"(0, 1, 2, 3, 4, 5)","[0.95323322 0.95827576 0.95587752 0.95562823 0.95335817 0.94603369
 0.9544037  0.94888352 0.95425865 0.95115196]",0.9531104414189606,"('lon', 'lat', 'year', 'month', ('prec',), ('temp',))",0.0025244247397408844,0.0033989238204539976,0.0011329746068179992
