,feature_idx,cv_scores,avg_score,feature_names,ci_bound,std_dev,std_err
1,"(5,)","[0.94882589 0.94178741 0.94838781 0.94325673 0.95109428 0.94548714
 0.94773915 0.94823739 0.9366929  0.94196369]",0.9453472378774682,"(('temp',),)",0.0030789626310193242,0.0041455620617683675,0.0013818540205894556
2,"(3, 5)","[0.95279736 0.94693018 0.95413749 0.94681506 0.9551066  0.94994953
 0.95231387 0.95188104 0.94343323 0.94718008]",0.9500544451154399,"('month', ('temp',))",0.002683328754360242,0.0036128745997950932,0.001204291533265031
3,"(0, 3, 5)","[0.95386432 0.94849821 0.95535205 0.94777323 0.95579046 0.95134718
 0.95328698 0.95322556 0.94379987 0.94860546]",0.9511543310950239,"('lon', 'month', ('temp',))",0.0027228873266455763,0.0036661368624908612,0.001222045620830287
4,"(0, 1, 3, 5)","[0.95391076 0.94926826 0.9556011  0.94916813 0.95648639 0.9522707
 0.95417111 0.95349672 0.94496593 0.94955435]",0.9518893454826541,"('lon', 'lat', 'month', ('temp',))",0.0025141950650642954,0.0033851504310610063,0.0011283834770203353
5,"(0, 1, 2, 3, 5)","[0.95503027 0.9498699  0.95602921 0.94992434 0.95738778 0.95260038
 0.9548722  0.95433947 0.94593412 0.95008709]",0.9526074747866767,"('lon', 'lat', 'year', 'month', ('temp',))",0.0025092038067410435,0.0033784301250277663,0.0011261433750092554
6,"(0, 1, 2, 3, 4, 5)","[0.95536259 0.95004136 0.95646206 0.95040017 0.95765229 0.95290189
 0.95483388 0.95467867 0.94634289 0.95058474]",0.952926052526248,"('lon', 'lat', 'year', 'month', ('prec',), ('temp',))",0.002474590626622839,0.0033318264134758403,0.0011106088044919467
