,feature_idx,cv_scores,avg_score,feature_names,ci_bound,std_dev,std_err
1,"(5,)","[0.9479019  0.94688726 0.948209   0.94791915 0.94751517 0.94909133
 0.94708024 0.94056705 0.94610372 0.9460194 ]",0.946729421697061,"(('temp',),)",0.001663970936727371,0.002240395748128477,0.0007467985827094922
2,"(3, 5)","[0.95052941 0.95114109 0.95197275 0.95389984 0.95271578 0.95299787
 0.95048129 0.94504713 0.9525759  0.95014259]",0.9511503643709611,"('month', ('temp',))",0.0017454596601385675,0.002350113403299742,0.0007833711344332475
3,"(0, 3, 5)","[0.9520622  0.95286171 0.95296774 0.95433892 0.95324944 0.954798
 0.95159525 0.94667034 0.95322557 0.95144249]",0.9523211643913314,"('lon', 'month', ('temp',))",0.0015911033493052934,0.0021422857214245966,0.0007140952404748655
4,"(0, 2, 3, 5)","[0.95310435 0.95373049 0.95361302 0.95475129 0.95403784 0.95531892
 0.95208206 0.94762027 0.95439515 0.95157669]",0.9530230090429604,"('lon', 'year', 'month', ('temp',))",0.001561339501374049,0.002102211224399876,0.0007007370747999585
5,"(0, 1, 2, 3, 5)","[0.95350186 0.95397813 0.95432285 0.95491251 0.95408159 0.95608714
 0.95298193 0.94861493 0.95510433 0.95258752]",0.9536172780365814,"('lon', 'lat', 'year', 'month', ('temp',))",0.001435063477038521,0.0019321912668588525,0.0006440637556196174
6,"(0, 1, 2, 3, 4, 5)","[0.95372026 0.95446162 0.95478405 0.9551344  0.95409373 0.95635521
 0.95335041 0.94903845 0.95522783 0.95309862]",0.9539264586863607,"('lon', 'lat', 'year', 'month', ('prec',), ('temp',))",0.0013905544810217912,0.0018722636784446762,0.0006240878928148921
