,feature_idx,cv_scores,avg_score,feature_names,ci_bound,std_dev,std_err
1,"(5,)","[0.94384286 0.93987963 0.94199675 0.94813157 0.94509441 0.93849145
 0.94828899 0.94693759 0.95297404 0.95057906]",0.9456216361360941,"(('temp',),)",0.003272761719563959,0.004406496098765741,0.0014688320329219135
2,"(3, 5)","[0.94967185 0.94399994 0.94640361 0.95308725 0.94947113 0.9436332
 0.95369226 0.95182138 0.95627684 0.95445191]",0.9502509360350025,"('month', ('temp',))",0.003106352521887738,0.004182440226938719,0.0013941467423129062
3,"(0, 3, 5)","[0.95081135 0.94534496 0.94760206 0.95358529 0.95120583 0.94533316
 0.95453866 0.95317968 0.95753816 0.95518492]",0.9514324060475315,"('lon', 'month', ('temp',))",0.0029528299948529298,0.003975735164236607,0.0013252450547455356
4,"(0, 2, 3, 5)","[0.95162576 0.94642815 0.94865777 0.95463633 0.95194096 0.94602267
 0.95486764 0.9538622  0.95830103 0.95622466]",0.9522567156526438,"('lon', 'year', 'month', ('temp',))",0.0029110273750884443,0.003919451481923513,0.0013064838273078377
5,"(0, 1, 2, 3, 5)","[0.9517849  0.9476013  0.94873325 0.95550355 0.95286522 0.9468527
 0.9554362  0.95487846 0.95926215 0.95667087]",0.9529588597001787,"('lon', 'lat', 'year', 'month', ('temp',))",0.0029244342507073217,0.0039375027029329955,0.001312500900977665
6,"(0, 1, 2, 3, 4, 5)","[0.95213874 0.9478828  0.94932162 0.95582202 0.95338736 0.94716192
 0.95569739 0.95470048 0.95939028 0.95712956]",0.9532632162208776,"('lon', 'lat', 'year', 'month', ('prec',), ('temp',))",0.002876694140245312,0.0038732246929428504,0.001291074897647617
