,feature_idx,cv_scores,avg_score,feature_names,ci_bound,std_dev,std_err
1,"(5,)","[0.94366321 0.94870052 0.94560288 0.94280069 0.94973284 0.94411027
 0.93948348 0.95393126 0.94764061 0.94604486]",0.9461710634609206,"(('temp',),)",0.002861350869301147,0.0038525662798498334,0.0012841887599499442
2,"(3, 5)","[0.94859201 0.95153899 0.9510099  0.94649019 0.95354582 0.95101074
 0.94323596 0.95890028 0.95116149 0.9497148 ]",0.9505200165974346,"('month', ('temp',))",0.002923850585735143,0.00393671684754746,0.0013122389491824866
3,"(0, 3, 5)","[0.94991986 0.95307593 0.95189465 0.94785573 0.95499953 0.95151034
 0.9449918  0.95942086 0.95212484 0.95073838]",0.9516531929144787,"('lon', 'month', ('temp',))",0.0027439822311453948,0.0036945393623815867,0.0012315131207938622
4,"(0, 2, 3, 5)","[0.95071449 0.95395891 0.95266873 0.94869409 0.95579259 0.95231917
 0.94573413 0.96017946 0.95315856 0.95171949]",0.9524939625004187,"('lon', 'year', 'month', ('temp',))",0.002743992786929571,0.0036945535748497643,0.0012315178582832547
5,"(0, 1, 2, 3, 5)","[0.95121598 0.95452028 0.95339402 0.9496936  0.95611298 0.95341421
 0.94678518 0.96070478 0.95405347 0.95254891]",0.9532443410106982,"('lon', 'lat', 'year', 'month', ('temp',))",0.002627436910247573,0.0035376209717771904,0.0011792069905923967
6,"(0, 1, 2, 3, 4, 5)","[0.95121347 0.9548917  0.95409815 0.94970226 0.95653672 0.95373174
 0.94727143 0.96082156 0.95411398 0.95296881]",0.9535349828333892,"('lon', 'lat', 'year', 'month', ('prec',), ('temp',))",0.0026181905533131282,0.0035251715363307087,0.001175057178776903
