,feature_idx,cv_scores,avg_score,feature_names,ci_bound,std_dev,std_err
1,"(5,)","[0.94908259 0.94384497 0.94965025 0.94884268 0.95052916 0.94226002
 0.93670589 0.94534412 0.94810329 0.94827879]",0.9462641763256656,"(('temp',),)",0.0030240531975292283,0.004071631166337403,0.0013572103887791343
2,"(3, 5)","[0.95290461 0.95006015 0.95354343 0.95338681 0.95411721 0.9475347
 0.94141941 0.94964532 0.95222601 0.95226065]",0.9507098286390244,"('month', ('temp',))",0.0027215672789087635,0.0036643595301639525,0.0012214531767213174
3,"(0, 3, 5)","[0.95370662 0.95133846 0.95469648 0.95486628 0.95531482 0.94812112
 0.94311333 0.95077982 0.9533982  0.95406735]",0.9519402475649983,"('lon', 'month', ('temp',))",0.002693554314911545,0.003626642449867299,0.001208880816622433
4,"(0, 2, 3, 5)","[0.95396082 0.95194697 0.95526761 0.95553374 0.95642106 0.94921801
 0.94415924 0.95138505 0.95429551 0.95505334]",0.9527241348431634,"('lon', 'year', 'month', ('temp',))",0.0026311507899679,0.003542621395853615,0.0011808737986178715
5,"(0, 1, 2, 3, 5)","[0.95486823 0.95228364 0.95639964 0.95617286 0.95677106 0.94948204
 0.94507936 0.95234444 0.95434236 0.95630289]",0.9534046509217042,"('lon', 'lat', 'year', 'month', ('temp',))",0.002641228246607715,0.0035561898365694088,0.001185396612189803
6,"(0, 1, 2, 3, 4, 5)","[0.95508702 0.95281708 0.95702538 0.95618615 0.95727824 0.94976746
 0.94503307 0.95278339 0.95460755 0.95693712]",0.9537522459721544,"('lon', 'lat', 'year', 'month', ('prec',), ('temp',))",0.0027333686244458487,0.003680249041080219,0.001226749680360073
