,feature_idx,cv_scores,avg_score,feature_names,ci_bound,std_dev,std_err
1,"(5,)","[0.94513482 0.94454697 0.94651294 0.94803318 0.94249104 0.94305628
 0.94725889 0.94324156 0.94507805 0.94529776]",0.9450651490880564,"(('temp',),)",0.0012871138054055848,0.0017329895813322123,0.000577663193777404
2,"(3, 5)","[0.94654044 0.94906798 0.95032697 0.95236142 0.94825097 0.94748126
 0.95291274 0.94831297 0.95014532 0.9522185 ]",0.9497618564534129,"('month', ('temp',))",0.0015513549461954315,0.0020887678676227896,0.0006962559558742631
3,"(0, 3, 5)","[0.94813136 0.95058226 0.95134137 0.95354298 0.94908869 0.94848579
 0.95413951 0.94986824 0.95056831 0.95308116]",0.9508829682078892,"('lon', 'month', ('temp',))",0.0014942973572515236,0.0020119446630542004,0.0006706482210180667
4,"(0, 2, 3, 5)","[0.94866083 0.95159135 0.95230263 0.95394859 0.95014211 0.94928191
 0.95457906 0.95107066 0.95168066 0.95413835]",0.951739614507915,"('lon', 'year', 'month', ('temp',))",0.0014393537427560522,0.0019379677457983236,0.0006459892485994412
5,"(0, 1, 2, 3, 5)","[0.94990784 0.95256414 0.95315041 0.95425865 0.95144537 0.94943792
 0.9545361  0.95198289 0.95217012 0.95485521]",0.9524308649381472,"('lon', 'lat', 'year', 'month', ('temp',))",0.0013023761603611066,0.0017535390479088515,0.0005845130159696172
6,"(0, 1, 2, 3, 4, 5)","[0.95052013 0.95257961 0.95346839 0.95476898 0.95173096 0.94999757
 0.95490821 0.95245752 0.95243434 0.95479082]",0.9527656533152286,"('lon', 'lat', 'year', 'month', ('prec',), ('temp',))",0.0012252186201652073,0.0016496529636176648,0.0005498843212058882
