,feature_idx,cv_scores,avg_score,feature_names,ci_bound,std_dev,std_err
1,"(5,)","[0.94295226 0.95042766 0.95053742 0.94743126 0.94068792 0.93865226
 0.94450333 0.94660431 0.95069252 0.94427705]",0.9456765984875115,"(('temp',),)",0.0029734927925017694,0.00400355586889864,0.0013345186229662134
2,"(3, 5)","[0.94765709 0.95581102 0.95477774 0.95112068 0.94465568 0.94370621
 0.95128413 0.95084615 0.95585657 0.94742483]",0.9503140098688523,"('month', ('temp',))",0.003096529504178755,0.004169214366664813,0.0013897381222216043
3,"(0, 3, 5)","[0.94891696 0.95692079 0.95613359 0.9525674  0.94612993 0.94501099
 0.95190562 0.9523428  0.95648648 0.94837985]",0.9514794421725112,"('lon', 'month', ('temp',))",0.003017668902938377,0.004063035255110568,0.0013543450850368559
4,"(0, 2, 3, 5)","[0.94991356 0.95728159 0.95709387 0.95332703 0.94643409 0.94633107
 0.95242058 0.95289781 0.95746447 0.94909238]",0.9522256450190666,"('lon', 'year', 'month', ('temp',))",0.0029880837109704478,0.004023201303188982,0.001341067101062994
5,"(0, 1, 2, 3, 5)","[0.95125695 0.95750524 0.95778097 0.95422623 0.94773559 0.9470164
 0.95238907 0.95387479 0.95792883 0.94892859]",0.9528642679954163,"('lon', 'lat', 'year', 'month', ('temp',))",0.00290550161159003,0.003912011510002273,0.0013040038366674243
6,"(0, 1, 2, 3, 4, 5)","[0.9518744  0.95773178 0.95813371 0.95442566 0.9482502  0.94754474
 0.95270144 0.95434455 0.95828384 0.94927207]",0.9532562412738154,"('lon', 'lat', 'year', 'month', ('prec',), ('temp',))",0.002851684138796382,0.0038395508470419897,0.0012798502823473299
