,feature_idx,cv_scores,avg_score,feature_names,ci_bound,std_dev,std_err
1,"(5,)","[0.94674492 0.94482437 0.94791379 0.94624607 0.94929798 0.94346106
 0.94285967 0.94840516 0.94609581 0.94351082]",0.9459359646453505,"(('temp',),)",0.001571915798607322,0.00211645131166905,0.0007054837705563501
2,"(3, 5)","[0.95212012 0.94823781 0.95154497 0.95127485 0.9518937  0.94982616
 0.94602276 0.95366356 0.95077292 0.94509993]",0.9500456776411366,"('month', ('temp',))",0.0019517398558875191,0.0026278521926490304,0.0008759507308830102
3,"(0, 3, 5)","[0.95369935 0.94968502 0.95209911 0.95166432 0.9530552  0.95092878
 0.94771393 0.95558138 0.95160764 0.94633334]",0.9512368067599848,"('lon', 'month', ('temp',))",0.0019405627917907188,0.0026128032237479988,0.0008709344079159996
4,"(0, 2, 3, 5)","[0.95437938 0.95063432 0.95262968 0.9528546  0.95370787 0.9519868
 0.94864138 0.95600147 0.95199343 0.94741002]",0.9520238947873368,"('lon', 'year', 'month', ('temp',))",0.001818124937787483,0.002447951037051562,0.0008159836790171875
5,"(0, 1, 2, 3, 5)","[0.95486166 0.9514639  0.95350833 0.95383679 0.95460793 0.95257043
 0.94996992 0.95657422 0.95249856 0.94835914]",0.9528250877535319,"('lon', 'lat', 'year', 'month', ('temp',))",0.0017097479119661469,0.0023020305630302583,0.0007673435210100861
6,"(0, 1, 2, 3, 4, 5)","[0.95537266 0.95191725 0.953644   0.9540135  0.95508044 0.95293609
 0.95052076 0.95673268 0.95304915 0.94862194]",0.9531888470227317,"('lon', 'lat', 'year', 'month', ('prec',), ('temp',))",0.0016849746756774238,0.0022686755013380175,0.0007562251671126725
