,feature_idx,cv_scores,avg_score,feature_names,ci_bound,std_dev,std_err
1,"(5,)","[0.94166946 0.94235665 0.94401498 0.94839254 0.94579578 0.94440871
 0.9452883  0.9408441  0.94822804 0.94529657]",0.9446295132421648,"(('temp',),)",0.0017891899884644878,0.0024089925817055526,0.0008029975272351842
2,"(3, 5)","[0.94816394 0.94756086 0.9488574  0.95136023 0.9506138  0.94957237
 0.94895542 0.9457366  0.95220544 0.95012609]",0.9493152149916092,"('month', ('temp',))",0.001338824919007557,0.001802614210277176,0.0006008714034257253
3,"(0, 3, 5)","[0.94938036 0.94877559 0.94939131 0.95226705 0.95181776 0.95025207
 0.95053774 0.94709861 0.95340118 0.9518135 ]",0.9504735169731854,"('lon', 'month', ('temp',))",0.001330323361460067,0.0017911675840402257,0.0005970558613467419
4,"(0, 2, 3, 5)","[0.95019019 0.94955263 0.94989636 0.95346893 0.95253508 0.95101549
 0.95153248 0.94810075 0.9543067  0.9526586 ]",0.951325722289228,"('lon', 'year', 'month', ('temp',))",0.0013641369923209172,0.001836694770325359,0.000612231590108453
5,"(0, 1, 2, 3, 5)","[0.95071981 0.95031449 0.95078966 0.95437009 0.95365187 0.9519718
 0.95104761 0.94921424 0.95481152 0.95383678]",0.9520727874548545,"('lon', 'lat', 'year', 'month', ('temp',))",0.0013732049780071569,0.0018489040440134547,0.0006163013480044848
6,"(0, 1, 2, 3, 4, 5)","[0.95119426 0.95040304 0.95101577 0.95495713 0.95413086 0.95223123
 0.95161673 0.94959207 0.95459805 0.95389543]",0.9523634574542837,"('lon', 'lat', 'year', 'month', ('prec',), ('temp',))",0.0013383962194732607,0.0018020370027114288,0.0006006790009038096
