,feature_idx,cv_scores,avg_score,feature_names,ci_bound,std_dev,std_err
1,"(5,)","[0.94795576 0.9471906  0.94196603 0.94741385 0.95041052 0.94300529
 0.95117993 0.94829465 0.94652292 0.93627765]",0.946021720630889,"(('temp',),)",0.0031407657301325406,0.004228774693322339,0.0014095915644407797
2,"(3, 5)","[0.9536564  0.95080258 0.94653343 0.95210015 0.95501294 0.94961733
 0.95599122 0.95271097 0.94944357 0.93973395]",0.9505602544578222,"('month', ('temp',))",0.003334142916746853,0.004489140675151225,0.0014963802250504083
3,"(0, 3, 5)","[0.9534844  0.95204508 0.94890755 0.95302706 0.95573616 0.95014082
 0.95692984 0.95383715 0.95146652 0.94121445]",0.9516789025771792,"('lon', 'month', ('temp',))",0.003093638858801006,0.004165322357813749,0.0013884407859379164
4,"(0, 2, 3, 5)","[0.9541156  0.95254734 0.94940927 0.95407894 0.9559996  0.95070056
 0.95758547 0.9543685  0.95236198 0.94265988]",0.9523827159445158,"('lon', 'year', 'month', ('temp',))",0.0029354167705490358,0.003952289734493477,0.0013174299114978255
5,"(0, 1, 2, 3, 5)","[0.95438203 0.95328017 0.95005472 0.95478339 0.95599111 0.95104958
 0.95872151 0.95547246 0.95326179 0.94398058]",0.9530977333389842,"('lon', 'lat', 'year', 'month', ('temp',))",0.0028453384307857875,0.0038310068893730167,0.001277002296457672
6,"(0, 1, 2, 3, 4, 5)","[0.9546157  0.95369716 0.95037771 0.9550726  0.95624304 0.95141004
 0.95898442 0.95589388 0.95373855 0.94435067]",0.9534383769999634,"('lon', 'lat', 'year', 'month', ('prec',), ('temp',))",0.002827543767486075,0.0038070478843711245,0.0012690159614570414
