,feature_idx,cv_scores,avg_score,feature_names,ci_bound,std_dev,std_err
1,"(5,)","[0.94773656 0.94587547 0.93822309 0.94991367 0.93385306 0.94904427
 0.95224665 0.94228068 0.94779358 0.94466532]",0.9451632365555211,"(('temp',),)",0.003975386030489945,0.005352520145211086,0.0017841733817370285
2,"(3, 5)","[0.9524165  0.95091994 0.9420703  0.95383027 0.93676309 0.95437738
 0.95554853 0.94770551 0.95139243 0.9492005 ]",0.9494224453906439,"('month', ('temp',))",0.004161230441945565,0.005602743884128967,0.0018675812947096554
3,"(0, 3, 5)","[0.95305702 0.95195135 0.94384755 0.95526951 0.93817565 0.9549324
 0.95681689 0.94844423 0.95276993 0.95068151]",0.9505946034010269,"('lon', 'month', ('temp',))",0.004043586196526664,0.005444345884854611,0.0018147819616182038
4,"(0, 2, 3, 5)","[0.95339396 0.95284063 0.94422469 0.95594716 0.93934321 0.95514529
 0.95752759 0.94926776 0.9535167  0.95200186]",0.9513208846032265,"('lon', 'year', 'month', ('temp',))",0.003961385063098591,0.005333669030013746,0.0017778896766712485
5,"(0, 1, 2, 3, 5)","[0.95427672 0.95352691 0.94483191 0.95648859 0.94023327 0.9559254
 0.95750006 0.949407   0.95429294 0.95286491]",0.9519347710863346,"('lon', 'lat', 'year', 'month', ('temp',))",0.0039008048800831265,0.0052521029512722335,0.001750700983757411
6,"(0, 1, 2, 3, 4, 5)","[0.95478061 0.95363784 0.94542754 0.95682575 0.94081319 0.95625107
 0.95772861 0.94981282 0.95455376 0.95327405]",0.9523105247450824,"('lon', 'lat', 'year', 'month', ('prec',), ('temp',))",0.0038226069362230094,0.005146816051681811,0.0017156053505606036
