,feature_idx,cv_scores,avg_score,feature_names,ci_bound,std_dev,std_err
1,"(5,)","[0.94969804 0.9500213  0.94681075 0.94487486 0.94321072 0.94474137
 0.94303634 0.94028247 0.93841276 0.94873581]",0.9449824433339671,"(('temp',),)",0.0027520894204514836,0.0037054550052271025,0.0012351516684090342
2,"(3, 5)","[0.95438826 0.95426549 0.95331212 0.94973446 0.94575727 0.94862877
 0.94634483 0.94758263 0.94369478 0.95367515]",0.9497383757763582,"('month', ('temp',))",0.0027805143789827653,0.003743726801223408,0.0012479089337411359
3,"(0, 3, 5)","[0.95618254 0.95525168 0.95331408 0.95076262 0.94732841 0.95008017
 0.94867097 0.94805703 0.94460475 0.95485882]",0.9509111066890377,"('lon', 'month', ('temp',))",0.0027235359363170187,0.003667010160406119,0.001222336720135373
4,"(0, 2, 3, 5)","[0.95704497 0.95615769 0.95431297 0.95125346 0.94836361 0.95074856
 0.94914747 0.9484209  0.94599447 0.95501203]",0.9516456128802974,"('lon', 'year', 'month', ('temp',))",0.002659954216594678,0.003581402767043355,0.0011938009223477848
5,"(0, 1, 2, 3, 5)","[0.95749868 0.95653331 0.95511824 0.95189048 0.94909487 0.95094179
 0.94987544 0.94938989 0.94626588 0.95566783]",0.9522276422432892,"('lon', 'lat', 'year', 'month', ('temp',))",0.0026491297182257064,0.0035668284979944232,0.0011889428326648077
6,"(0, 1, 2, 3, 4, 5)","[0.95776487 0.95664697 0.95533181 0.95230625 0.94937464 0.95117981
 0.9502073  0.94944693 0.94673641 0.9561549 ]",0.9525149895635325,"('lon', 'lat', 'year', 'month', ('prec',), ('temp',))",0.0026325631766113255,0.003544523054687192,0.0011815076848957307
