,feature_idx,cv_scores,avg_score,feature_names,ci_bound,std_dev,std_err
1,"(5,)","[0.94301083 0.94296284 0.93916541 0.94904303 0.94385767 0.94842422
 0.94753871 0.94929053 0.94565503 0.95498843]",0.9463936688709629,"(('temp',),)",0.0031260542768522127,0.004208966969130437,0.0014029889897101456
2,"(3, 5)","[0.94970035 0.9462609  0.94384114 0.95165878 0.94874664 0.9523526
 0.95243704 0.95417594 0.95073617 0.95765346]",0.9507563031765848,"('month', ('temp',))",0.0027653914206522074,0.003723365020380323,0.0012411216734601075
3,"(0, 3, 5)","[0.95091844 0.94806027 0.94453517 0.9526449  0.95022919 0.95308017
 0.95283563 0.95500558 0.95266539 0.95879235]",0.9518767077780319,"('lon', 'month', ('temp',))",0.0027115823393163508,0.003650915655806292,0.001216971885268764
4,"(0, 2, 3, 5)","[0.95142709 0.94830491 0.94533326 0.95367782 0.95088838 0.95334082
 0.95366293 0.95575452 0.95366666 0.95958071]",0.9525637089802999,"('lon', 'year', 'month', ('temp',))",0.002761103639698489,0.0037175918869645965,0.0012391972956548656
5,"(0, 1, 2, 3, 5)","[0.95151875 0.94951277 0.94680084 0.95413604 0.95138393 0.95404206
 0.95361691 0.95647576 0.95441372 0.96029062]",0.9532191395648493,"('lon', 'lat', 'year', 'month', ('temp',))",0.0026248948315647524,0.0035341982784195766,0.0011780660928065255
6,"(0, 1, 2, 3, 4, 5)","[0.95202003 0.94996647 0.9471013  0.9544287  0.95179814 0.95428651
 0.95389481 0.9564901  0.95448438 0.9605978 ]",0.9535068246337997,"('lon', 'lat', 'year', 'month', ('prec',), ('temp',))",0.0025775538848337746,0.0034704577085409596,0.0011568192361803198
