,feature_idx,cv_scores,avg_score,feature_names,ci_bound,std_dev,std_err
1,"(5,)","[0.94849604 0.94441478 0.94582551 0.94746582 0.93480016 0.9499308
 0.94435634 0.94751226 0.9434997  0.94697593]",0.9453277332180701,"(('temp',),)",0.0029660454269545217,0.00399352862278602,0.0013311762075953401
2,"(3, 5)","[0.95403477 0.94957709 0.94928999 0.95012642 0.93980508 0.9554178
 0.94935843 0.951317   0.9484841  0.95194288]",0.9499353573618554,"('month', ('temp',))",0.0029563740672080745,0.003980506957096849,0.0013268356523656163
3,"(0, 3, 5)","[0.95524135 0.95097032 0.95062813 0.95165943 0.94129586 0.95493025
 0.95048166 0.95236759 0.94985802 0.95288322]",0.9510315830370051,"('lon', 'month', ('temp',))",0.0027305188829345,0.0036764121058162863,0.0012254707019387619
4,"(0, 2, 3, 5)","[0.95598971 0.95182369 0.95130452 0.95237274 0.94228782 0.95576369
 0.95100521 0.9533202  0.95070822 0.95329692]",0.9517872719636251,"('lon', 'year', 'month', ('temp',))",0.002685027962451874,0.003615162439383906,0.0012050541464613017
5,"(0, 1, 2, 3, 5)","[0.95714647 0.95303213 0.95174618 0.95292434 0.94274251 0.95678627
 0.95101469 0.95429595 0.9509163  0.95438135]",0.9524986189854537,"('lon', 'lat', 'year', 'month', ('temp',))",0.0028541934179015984,0.0038429293785500283,0.001280976459516676
6,"(0, 1, 2, 3, 4, 5)","[0.95716865 0.95342427 0.95203257 0.95340951 0.94327903 0.95709928
 0.95125036 0.95455758 0.95131262 0.95477864]",0.9528312501522759,"('lon', 'lat', 'year', 'month', ('prec',), ('temp',))",0.0027906242755433804,0.003757338919541393,0.0012524463065137976
