,feature_idx,cv_scores,avg_score,feature_names,ci_bound,std_dev,std_err
1,"(5,)","[0.94619599 0.93561838 0.94788651 0.9482025  0.94436029 0.94518124
 0.94421062 0.95065627 0.94768589 0.94309958]",0.9453097253132372,"(('temp',),)",0.0028856861100221612,0.0038853316176557153,0.0012951105392185718
2,"(3, 5)","[0.94949633 0.94234393 0.9511384  0.95147537 0.94880617 0.95067205
 0.94862179 0.95384823 0.95349613 0.95131719]",0.9501215578276614,"('month', ('temp',))",0.00228602572247631,0.003077939761869404,0.0010259799206231346
3,"(0, 3, 5)","[0.95106181 0.9443172  0.95231142 0.95232934 0.95023422 0.95126607
 0.94976461 0.9546405  0.95366893 0.95250478]",0.9512098878547123,"('lon', 'month', ('temp',))",0.0020002874041756755,0.0026932173491948314,0.000897739116398277
4,"(0, 2, 3, 5)","[0.95184889 0.94524648 0.95311432 0.95323564 0.95075788 0.95152647
 0.95063139 0.95564886 0.95494563 0.95302261]",0.9519978191212101,"('lon', 'year', 'month', ('temp',))",0.002035061903157274,0.002740038262915175,0.0009133460876383917
5,"(0, 1, 2, 3, 5)","[0.95231996 0.94590825 0.95423255 0.95353877 0.95146502 0.9521077
 0.95181195 0.95655197 0.95578372 0.9533808 ]",0.9527100705724815,"('lon', 'lat', 'year', 'month', ('temp',))",0.0020582485080816995,0.0027712570600345442,0.0009237523533448479
6,"(0, 1, 2, 3, 4, 5)","[0.9523297  0.94627167 0.95464186 0.954022   0.95197413 0.9528291
 0.95206657 0.95713942 0.95573263 0.95380339]",0.9530810473519773,"('lon', 'lat', 'year', 'month', ('prec',), ('temp',))",0.002055512497723226,0.002767573254122636,0.0009225244180408786
