,feature_idx,cv_scores,avg_score,feature_names,ci_bound,std_dev,std_err
1,"(5,)","[0.93684676 0.93665688 0.94043096 0.93865153 0.93937734 0.94428825
 0.94010535 0.93178907 0.94169062 0.93730706]",0.9387143829710478,"(('temp',),)",0.002382624001343027,0.00320800115204919,0.0010693337173497297
2,"(4, 5)","[0.95060623 0.94902144 0.94996098 0.95147608 0.95062497 0.9544512
 0.95113256 0.9419859  0.95204362 0.94771192]",0.9499014888731871,"(('prec',), ('temp',))",0.002331366283527762,0.0031389869820794033,0.0010463289940264675
3,"(3, 4, 5)","[0.95620159 0.9541278  0.95407518 0.95612394 0.95587779 0.959383
 0.95679826 0.94809337 0.95634828 0.9525386 ]",0.9549567793188111,"('month', ('prec',), ('temp',))",0.002140988672278082,0.0028826596740907768,0.0009608865580302588
4,"(0, 3, 4, 5)","[0.96048499 0.95733381 0.95802064 0.96001586 0.95943236 0.96280888
 0.96029178 0.95270743 0.96091409 0.95760702]",0.9589616860883952,"('lon', 'month', ('prec',), ('temp',))",0.0019441723636582954,0.0026176632061468428,0.0008725544020489475
5,"(0, 1, 3, 4, 5)","[0.96087056 0.95800955 0.95789883 0.9606196  0.95991085 0.96253445
 0.96094264 0.95336817 0.96138295 0.9580769 ]",0.9593614504099003,"('lon', 'lat', 'month', ('prec',), ('temp',))",0.0018545992677401907,0.002497060629015109,0.0008323535430050363
6,"(0, 1, 2, 3, 4, 5)","[0.96154562 0.95844329 0.95846142 0.96076022 0.96042814 0.96295515
 0.96138453 0.95394409 0.96150096 0.95838769]",0.9597811104967852,"('lon', 'lat', 'year', 'month', ('prec',), ('temp',))",0.0018137700763331888,0.0024420875854307797,0.0008140291951435933
