,feature_idx,cv_scores,avg_score,feature_names,ci_bound,std_dev,std_err
1,"(5,)","[0.94016551 0.93728573 0.93821624 0.94333209 0.93478085 0.93929493
 0.94001976 0.94149221 0.93984022 0.93828338]",0.9392710917892847,"(('temp',),)",0.0016491280434554432,0.0022204110511350574,0.0007401370170450191
2,"(4, 5)","[0.9496676  0.95000431 0.94966251 0.95502382 0.94844911 0.95072354
 0.94962093 0.95138688 0.95169945 0.95055549]",0.9506793659012913,"(('prec',), ('temp',))",0.0012656762714518591,0.0017041257599395457,0.0005680419199798485
3,"(3, 4, 5)","[0.95526514 0.95550327 0.95328328 0.95905637 0.95356025 0.95622914
 0.95482948 0.95663372 0.95692595 0.95612744]",0.9557414033509973,"('month', ('prec',), ('temp',))",0.0011857897875233302,0.0015965653843488426,0.0005321884614496142
4,"(0, 3, 4, 5)","[0.96011749 0.95963111 0.9566611  0.96365063 0.95691489 0.95941269
 0.95855873 0.96054564 0.95946824 0.96011073]",0.9595071253989833,"('lon', 'month', ('prec',), ('temp',))",0.001384095519040816,0.0018635672339094367,0.0006211890779698122
5,"(0, 1, 3, 4, 5)","[0.96050306 0.96006011 0.95716597 0.96397658 0.95753589 0.95983387
 0.95889978 0.96079507 0.96006043 0.96059191]",0.9599422676115529,"('lon', 'lat', 'month', ('prec',), ('temp',))",0.0013361472070012013,0.0017990088981522233,0.0005996696327174078
6,"(0, 1, 2, 3, 4, 5)","[0.96116598 0.96047721 0.95748406 0.96416561 0.95803391 0.96017237
 0.95942026 0.9611651  0.96054971 0.96095262]",0.9603586840937803,"('lon', 'lat', 'year', 'month', ('prec',), ('temp',))",0.001303063551830973,0.0017544645622266785,0.000584821520742226
