,feature_idx,cv_scores,avg_score,feature_names,ci_bound,std_dev,std_err
1,"(5,)","[0.93881894 0.94060497 0.9369892  0.94062953 0.93177684 0.94114186
 0.94048816 0.93975911 0.93288548 0.94435336]",0.9387447446218028,"(('temp',),)",0.0027213520838300464,0.0036640697882407407,0.0012213565960802468
2,"(4, 5)","[0.95031969 0.95140106 0.94944304 0.95055879 0.94425538 0.95129333
 0.95160209 0.95072477 0.94562542 0.95404813]",0.9499271688023612,"(('prec',), ('temp',))",0.002046497966152106,0.0027554359518672075,0.0009184786506224025
3,"(3, 4, 5)","[0.95502485 0.95546709 0.95448102 0.95582959 0.9492607  0.9567727
 0.95668175 0.95622644 0.95141875 0.95854149]",0.9549704384250305,"('month', ('prec',), ('temp',))",0.0019217406083754612,0.0025874607500525307,0.0008624869166841768
4,"(0, 3, 4, 5)","[0.95870052 0.96047675 0.95916248 0.95947553 0.95302471 0.96038706
 0.96061103 0.95886142 0.95592783 0.9626972 ]",0.9589324522481457,"('lon', 'month', ('prec',), ('temp',))",0.0019055699342382599,0.0025656883087305624,0.0008552294362435207
5,"(0, 2, 3, 4, 5)","[0.95921849 0.96072271 0.95915011 0.96027957 0.95324185 0.96089424
 0.96136113 0.95951013 0.95608642 0.96316745]",0.9593632093370805,"('lon', 'year', 'month', ('prec',), ('temp',))",0.0019900309160219205,0.0026794078577288345,0.0008931359525762783
6,"(0, 1, 2, 3, 4, 5)","[0.96013356 0.96128647 0.9593821  0.96010086 0.95361735 0.96151203
 0.96173696 0.95981844 0.95628057 0.96369663]",0.9597564975395727,"('lon', 'lat', 'year', 'month', ('prec',), ('temp',))",0.002034622654930688,0.002739446852429875,0.0009131489508099581
