,feature_idx,cv_scores,avg_score,feature_names,ci_bound,std_dev,std_err
1,"(5,)","[0.93552686 0.93602966 0.94213411 0.93599193 0.93772343 0.93882387
 0.93953307 0.94462106 0.93892086 0.93771919]",0.9387024041109953,"(('temp',),)",0.0020212029452780366,0.0027213783514823454,0.0009071261171607818
2,"(4, 5)","[0.94463467 0.9460156  0.95480015 0.94855406 0.94997026 0.95063087
 0.95060773 0.95370467 0.94933549 0.95077589]",0.9499029394072233,"(('prec',), ('temp',))",0.002168372257413083,0.002919529349125865,0.0009731764497086217
3,"(3, 4, 5)","[0.9490468  0.95202348 0.95983024 0.95365814 0.95499917 0.9558861
 0.95519232 0.95888881 0.95499102 0.95599607]",0.9550512155321085,"('month', ('prec',), ('temp',))",0.0021824023242337847,0.0029384196442369566,0.000979473214745652
4,"(0, 3, 4, 5)","[0.9521821  0.95617359 0.96260571 0.95730166 0.95831829 0.96080425
 0.95924182 0.96247963 0.95993282 0.96019841]",0.9589238289035403,"('lon', 'month', ('prec',), ('temp',))",0.002209398856254472,0.002974768185078851,0.0009915893950262838
5,"(0, 2, 3, 4, 5)","[0.95261504 0.95652983 0.96281861 0.95766929 0.95897408 0.96117801
 0.95991075 0.96270794 0.96039551 0.96064927]",0.9593448335524478,"('lon', 'year', 'month', ('prec',), ('temp',))",0.0021783545151281844,0.002932969612563171,0.0009776565375210569
6,"(0, 1, 2, 3, 4, 5)","[0.95313188 0.95711117 0.96345771 0.95845977 0.95948024 0.96152545
 0.96020023 0.96274366 0.96083096 0.96108903]",0.9598030101523289,"('lon', 'lat', 'year', 'month', ('prec',), ('temp',))",0.0021202849086223176,0.0028547838121746674,0.0009515946040582223
