,feature_idx,cv_scores,avg_score,feature_names,ci_bound,std_dev,std_err
1,"(5,)","[0.93883865 0.93547975 0.94049044 0.93465916 0.93575999 0.93867752
 0.94231894 0.93744231 0.93550029 0.93881886]",0.9377985895356226,"(('temp',),)",0.001747710748037476,0.002353144302245187,0.000784381434081729
2,"(4, 5)","[0.95266331 0.94707038 0.95046626 0.94912349 0.94872915 0.9489764
 0.9514097  0.94841954 0.94798278 0.94951068]",0.9494351706694614,"(('prec',), ('temp',))",0.0011726336948248994,0.0015788518212733246,0.0005262839404244416
3,"(3, 4, 5)","[0.95852402 0.95154093 0.95631101 0.95441245 0.95398054 0.9535273
 0.95557144 0.95430423 0.95418118 0.95431432]",0.9546667416623584,"('month', ('prec',), ('temp',))",0.0012970219463499363,0.0017463300528234038,0.0005821100176078012
4,"(0, 3, 4, 5)","[0.96201412 0.95522639 0.95999649 0.95905615 0.95799906 0.95736346
 0.95934554 0.9579531  0.95861131 0.95848231]",0.9586047913035864,"('lon', 'month', ('prec',), ('temp',))",0.0012444369236389345,0.001675528779377682,0.000558509593125894
5,"(0, 2, 3, 4, 5)","[0.96229693 0.95573327 0.96025783 0.95970544 0.95824353 0.95763319
 0.95955173 0.95839    0.95912554 0.95899471]",0.958993217001759,"('lon', 'year', 'month', ('prec',), ('temp',))",0.0012148131387680458,0.001635642865385252,0.0005452142884617506
6,"(0, 1, 2, 3, 4, 5)","[0.96292863 0.95607204 0.96053028 0.95994406 0.95903662 0.95835171
 0.95979337 0.95873242 0.95924931 0.95946733]",0.9594105787198872,"('lon', 'lat', 'year', 'month', ('prec',), ('temp',))",0.0012194414334303811,0.0016418744716313177,0.0005472914905437725
