,feature_idx,cv_scores,avg_score,feature_names,ci_bound,std_dev,std_err
1,"(5,)","[0.93910561 0.94016511 0.93985756 0.93525999 0.93886217 0.94204705
 0.93964637 0.93977405 0.9400732  0.93781371]",0.9392604801102872,"(('temp',),)",0.0012492748361412694,0.0016820426182680213,0.000560680872756007
2,"(4, 5)","[0.9500594  0.95152224 0.94817961 0.94946587 0.94907171 0.95423663
 0.95247559 0.9515081  0.95038879 0.94865114]",0.950555908753523,"(('prec',), ('temp',))",0.0013288915788801721,0.0017892398102231242,0.0005964132700743747
3,"(3, 4, 5)","[0.9552234  0.95634482 0.95426057 0.95485837 0.9543662  0.95922326
 0.95656425 0.95738925 0.95484049 0.95289826]",0.9555968874226524,"('month', ('prec',), ('temp',))",0.0012799310393858275,0.001723318596043181,0.0005744395320143936
4,"(0, 3, 4, 5)","[0.95888549 0.95981773 0.95778136 0.95870621 0.95943633 0.96280426
 0.96060145 0.95999455 0.95911014 0.95712472]",0.9594262235517299,"('lon', 'month', ('prec',), ('temp',))",0.0011061644879217817,0.001489356671303878,0.0004964522237679593
5,"(0, 1, 3, 4, 5)","[0.95954116 0.96018338 0.95826659 0.9588218  0.95985973 0.96313473
 0.96115144 0.96050419 0.95937688 0.95742915]",0.9598269060922953,"('lon', 'lat', 'month', ('prec',), ('temp',))",0.001120517936320526,0.0015086823722844339,0.0005028941240948112
6,"(0, 1, 2, 3, 4, 5)","[0.96009722 0.96060167 0.95880599 0.95949483 0.9600462  0.96344241
 0.96153958 0.96110588 0.9596983  0.95771669]",0.9602548775712627,"('lon', 'lat', 'year', 'month', ('prec',), ('temp',))",0.0011054412283769278,0.0014883828636649834,0.0004961276212216611
