,feature_idx,cv_scores,avg_score,feature_names,ci_bound,std_dev,std_err
1,"(5,)","[0.93650871 0.93766758 0.94199475 0.93614782 0.94337581 0.93607022
 0.93873183 0.93713301 0.93905305 0.94010848]",0.938679125941736,"(('temp',),)",0.001766596989747624,0.002378573025002065,0.0007928576750006883
2,"(4, 5)","[0.94920462 0.94586707 0.95288949 0.94931061 0.95221005 0.94514439
 0.95054943 0.9519133  0.94924838 0.95192153]",0.9498258858020006,"(('prec',), ('temp',))",0.001862951391878483,0.002508306055839735,0.0008361020186132449
3,"(3, 4, 5)","[0.9541901  0.9511041  0.95692867 0.95407713 0.95779257 0.94986475
 0.956977   0.95650569 0.95468445 0.95721392]",0.9549338392584067,"('month', ('prec',), ('temp',))",0.0019038314359067752,0.002563347568165918,0.0008544491893886394
4,"(0, 3, 4, 5)","[0.95872186 0.95469403 0.95996551 0.95779294 0.960491   0.95347486
 0.96070441 0.96121756 0.95905158 0.96117086]",0.9587284596987395,"('lon', 'month', ('prec',), ('temp',))",0.0019016746395273982,0.00256044362475484,0.0008534812082516132
5,"(0, 1, 3, 4, 5)","[0.95916147 0.95472852 0.96046761 0.95825846 0.96096228 0.95387438
 0.96129289 0.96169358 0.95957018 0.96166269]",0.9591672056110083,"('lon', 'lat', 'month', ('prec',), ('temp',))",0.001975477481749296,0.002659812892729517,0.0008866042975765056
6,"(0, 1, 2, 3, 4, 5)","[0.95962461 0.95544246 0.96113505 0.95902562 0.96113695 0.95415676
 0.96173851 0.96208919 0.95984435 0.96205708]",0.9596250583514605,"('lon', 'lat', 'year', 'month', ('prec',), ('temp',))",0.0019484452177873485,0.0026234162418590718,0.0008744720806196906
