,feature_idx,cv_scores,avg_score,feature_names,ci_bound,std_dev,std_err
1,"(5,)","[0.93964073 0.93840584 0.9419608  0.93737813 0.94084501 0.94005419
 0.9357167  0.93886929 0.94092832 0.93273598]",0.9386534986456809,"(('temp',),)",0.001954177204887525,0.0026311338763706574,0.0008770446254568857
2,"(4, 5)","[0.95077674 0.94990245 0.95180755 0.94997831 0.9509296  0.95055387
 0.94837244 0.95403162 0.95346885 0.94483791]",0.9504659359022064,"(('prec',), ('temp',))",0.0018262816272461568,0.0024589333276545207,0.000819644442551507
3,"(3, 4, 5)","[0.95517349 0.95486584 0.95721283 0.95564213 0.95574018 0.95628966
 0.95358697 0.95838399 0.9577994  0.95033491]",0.9555029403426764,"('month', ('prec',), ('temp',))",0.0016286671832460664,0.0021928622381093355,0.0007309540793697783
4,"(0, 3, 4, 5)","[0.95900629 0.95842978 0.9597612  0.95944099 0.95934264 0.96031037
 0.95880118 0.96176686 0.96148341 0.95484963]",0.9593192341054391,"('lon', 'month', ('prec',), ('temp',))",0.0013492542051378674,0.0018166563595639403,0.0006055521198546467
5,"(0, 1, 3, 4, 5)","[0.95989587 0.95879035 0.96011704 0.96017257 0.95938835 0.96082987
 0.95978979 0.96212437 0.96167724 0.95530294]",0.9598088403125142,"('lon', 'lat', 'month', ('prec',), ('temp',))",0.0013212699442876597,0.0017789779256204778,0.0005929926418734926
6,"(0, 1, 2, 3, 4, 5)","[0.96047338 0.95925358 0.96060165 0.96071296 0.95995203 0.9611637
 0.96028666 0.96257392 0.96187851 0.95574897]",0.9602645360178839,"('lon', 'lat', 'year', 'month', ('prec',), ('temp',))",0.0012995469672827833,0.001749729779367313,0.0005832432597891043
