,feature_idx,cv_scores,avg_score,feature_names,ci_bound,std_dev,std_err
1,"(5,)","[0.93822369 0.93827871 0.94272283 0.94210279 0.94035777 0.93455344
 0.93798572 0.94008762 0.94197419 0.93580304]",0.9392089791760558,"(('temp',),)",0.0019234177851522867,0.002589718926344389,0.0008632396421147964
2,"(4, 5)","[0.94971891 0.95041116 0.95230376 0.95178917 0.95236365 0.94651406
 0.9524239  0.95085686 0.95096578 0.94715223]",0.950449948608117,"(('prec',), ('temp',))",0.0014877013472626148,0.002003063694999056,0.0006676878983330187
3,"(3, 4, 5)","[0.95562452 0.95495607 0.95685865 0.95692398 0.95796617 0.95223812
 0.95712761 0.95652114 0.95581988 0.95212722]",0.9556163372217018,"('month', ('prec',), ('temp',))",0.0014080507389548978,0.0018958209059276186,0.0006319403019758728
4,"(0, 3, 4, 5)","[0.95995721 0.95929499 0.96092581 0.96001001 0.96138921 0.95564012
 0.96050147 0.95994179 0.95988512 0.95628094]",0.9593826688796018,"('lon', 'month', ('prec',), ('temp',))",0.0013406537321150724,0.001805076552028323,0.000601692184009441
5,"(0, 1, 3, 4, 5)","[0.96056643 0.95944638 0.9613735  0.96037895 0.96187245 0.95568221
 0.96135667 0.96063044 0.96014636 0.95711811]",0.9598571512372827,"('lon', 'lat', 'month', ('prec',), ('temp',))",0.0013928104960767098,0.0018753012113878263,0.0006251004037959421
6,"(0, 1, 2, 3, 4, 5)","[0.96112892 0.95997499 0.96174007 0.96081872 0.96236863 0.95595694
 0.96184063 0.96062433 0.96050462 0.95747531]",0.9602433160155112,"('lon', 'lat', 'year', 'month', ('prec',), ('temp',))",0.0014236935482425845,0.0019168826219969181,0.0006389608739989726
