,feature_idx,cv_scores,avg_score,feature_names,ci_bound,std_dev,std_err
1,"(5,)","[0.93762168 0.93649948 0.93925299 0.93625259 0.93931492 0.93571947
 0.93683589 0.94505043 0.9392633  0.93654832]",0.938235909009739,"(('temp',),)",0.0019390131581018563,0.0026107167734073984,0.0008702389244691327
2,"(4, 5)","[0.94938772 0.94921299 0.95298135 0.94681492 0.94893198 0.94727717
 0.94877225 0.95459315 0.95122735 0.94694356]",0.9496142437611124,"(('prec',), ('temp',))",0.001827534023478753,0.002460619572968396,0.0008202065243227987
3,"(3, 4, 5)","[0.95424217 0.95443388 0.95857146 0.95215852 0.95482786 0.95305518
 0.95368888 0.95970143 0.95609725 0.95192023]",0.9548696850340308,"('month', ('prec',), ('temp',))",0.0018174128259408624,0.002446992238842924,0.000815664079614308
4,"(0, 3, 4, 5)","[0.95773932 0.95826514 0.96254242 0.9579565  0.95849084 0.95703653
 0.95843437 0.96251659 0.95916959 0.95541167]",0.9587562964274652,"('lon', 'month', ('prec',), ('temp',))",0.0015734081090638086,0.0021184605811387304,0.0007061535270462433
5,"(0, 1, 3, 4, 5)","[0.95816503 0.95887003 0.96289063 0.95837099 0.9586539  0.95743898
 0.95887336 0.96281007 0.95972293 0.95636334]",0.9592159249154006,"('lon', 'lat', 'month', ('prec',), ('temp',))",0.0014918056749207754,0.0020085898241106338,0.0006695299413702114
6,"(0, 1, 2, 3, 4, 5)","[0.95848706 0.95956066 0.96346002 0.95866955 0.9588221  0.9582882
 0.95920733 0.96314297 0.96006989 0.95676569]",0.9596473488639067,"('lon', 'lat', 'year', 'month', ('prec',), ('temp',))",0.0014904345841621658,0.002006743766683737,0.0006689145888945789
