,feature_idx,cv_scores,avg_score,feature_names,ci_bound,std_dev,std_err
1,"(5,)","[0.9334752  0.93864683 0.93390736 0.93973754 0.9396957  0.93585993
 0.93693889 0.94201208 0.94056297 0.93896279]",0.937979930128669,"(('temp',),)",0.0020043721691179106,0.002698717138768492,0.0008995723795894974
2,"(4, 5)","[0.94723425 0.95120083 0.94609149 0.95083465 0.9510559  0.94656287
 0.9482308  0.95089593 0.94974602 0.95165805]",0.9493510779739761,"(('prec',), ('temp',))",0.0014952099907662008,0.00201317344668302,0.0006710578155610066
3,"(3, 4, 5)","[0.95296756 0.95620653 0.95058834 0.95591761 0.9568109  0.95145508
 0.95312681 0.95611523 0.95399855 0.95740503]",0.9544591643037714,"('month', ('prec',), ('temp',))",0.0016665875769634032,0.002243918832294068,0.0007479729440980226
4,"(0, 3, 4, 5)","[0.95786545 0.95889353 0.95475701 0.96057712 0.95969614 0.95586719
 0.95820408 0.96075666 0.9571041  0.96153937]",0.9585260643978964,"('lon', 'month', ('prec',), ('temp',))",0.0015509007121602882,0.0020881562800171842,0.0006960520933390613
5,"(0, 1, 3, 4, 5)","[0.95832309 0.95961015 0.95508152 0.9610062  0.96004986 0.95643575
 0.95893899 0.96123638 0.95784289 0.96186027]",0.9590385087622296,"('lon', 'lat', 'month', ('prec',), ('temp',))",0.0015292989039070357,0.002059071277211992,0.0006863570924039973
6,"(0, 1, 2, 3, 4, 5)","[0.95869423 0.96017301 0.95556293 0.96131456 0.96059741 0.95678335
 0.95938907 0.96161588 0.95835548 0.96244481]",0.9594930735459781,"('lon', 'lat', 'year', 'month', ('prec',), ('temp',))",0.0015392355860426516,0.0020724501769966972,0.0006908167256655657
