,feature_idx,cv_scores,avg_score,feature_names,ci_bound,std_dev,std_err
1,"(5,)","[0.93340535 0.93988654 0.93790471 0.94165495 0.93943727 0.94031092
 0.93199327 0.93918391 0.94029701 0.93923145]",0.9383305385101348,"(('temp',),)",0.002211069217494942,0.0029770171848290203,0.0009923390616096734
2,"(4, 5)","[0.94801755 0.95001283 0.94974196 0.95074658 0.95068877 0.95074324
 0.94214688 0.95049573 0.95288148 0.94841419]",0.9493889209042955,"(('prec',), ('temp',))",0.0020283251260046747,0.0027309677638123137,0.000910322587937438
3,"(3, 4, 5)","[0.95383495 0.95503705 0.95545738 0.95700391 0.95548752 0.95537679
 0.94711188 0.95449257 0.95802427 0.95351452]",0.9545340844527495,"('month', ('prec',), ('temp',))",0.002069295839908878,0.002786131355436874,0.0009287104518122913
4,"(0, 3, 4, 5)","[0.95787404 0.9579684  0.95944315 0.96045132 0.96041938 0.95918354
 0.95167845 0.95821844 0.96180165 0.95740057]",0.9584438940320167,"('lon', 'month', ('prec',), ('temp',))",0.0019398009000136105,0.002611777401084699,0.0008705924670282329
5,"(0, 1, 3, 4, 5)","[0.9585774  0.95852696 0.95950134 0.96079871 0.96076974 0.95965126
 0.95200734 0.95872673 0.96233221 0.95794472]",0.9588836396308389,"('lon', 'lat', 'month', ('prec',), ('temp',))",0.0019438518072570328,0.0026172316041383147,0.0008724105347127715
6,"(0, 1, 2, 3, 4, 5)","[0.95911762 0.95870305 0.96000142 0.96146324 0.961277   0.95980763
 0.95273305 0.95918388 0.96280856 0.95839214]",0.9593487595230951,"('lon', 'lat', 'year', 'month', ('prec',), ('temp',))",0.001907719767364443,0.002568582876711755,0.0008561942922372517
