,feature_idx,cv_scores,avg_score,feature_names,ci_bound,std_dev,std_err
1,"(5,)","[0.94056407 0.93826704 0.93762197 0.94117343 0.93876915 0.9349718
 0.93857081 0.93881721 0.94179391 0.93888887]",0.9389438261863947,"(('temp',),)",0.001367285182072035,0.0018409335408333212,0.000613644513611107
2,"(4, 5)","[0.9503574  0.95113323 0.94823323 0.95026815 0.95047459 0.94907608
 0.95035395 0.94923993 0.95070535 0.95032619]",0.950016809194478,"(('prec',), ('temp',))",0.0006208773954622719,0.0008359587575721362,0.00027865291919071204
3,"(3, 4, 5)","[0.95485619 0.95575248 0.95350519 0.95569643 0.9561689  0.95481131
 0.95522688 0.953987   0.95548858 0.95606797]",0.9551560925627772,"('month', ('prec',), ('temp',))",0.0006179082080358185,0.0008319609985134919,0.0002773203328378306
4,"(0, 3, 4, 5)","[0.95913161 0.96107198 0.95757612 0.95972843 0.95941378 0.95857618
 0.95945103 0.95868043 0.95833047 0.95835815]",0.9590318173268619,"('lon', 'month', ('prec',), ('temp',))",0.0006796941267844417,0.000915150498163573,0.0003050501660545243
5,"(0, 1, 3, 4, 5)","[0.95972862 0.96170492 0.95802298 0.96065502 0.95982034 0.95883862
 0.95955339 0.95923728 0.9584476  0.95852822]",0.9594536975264798,"('lon', 'lat', 'month', ('prec',), ('temp',))",0.0007815096337868943,0.0010522364435650421,0.0003507454811883474
6,"(0, 1, 2, 3, 4, 5)","[0.95999767 0.96241568 0.95847145 0.96082788 0.960286   0.95926211
 0.95995405 0.9595206  0.95873246 0.95889827]",0.9598366147461374,"('lon', 'lat', 'year', 'month', ('prec',), ('temp',))",0.0008226746213517029,0.0011076616081976316,0.0003692205360658772
