,feature_idx,cv_scores,avg_score,feature_names,ci_bound,std_dev,std_err
1,"(5,)","[0.93656767 0.94052893 0.94074706 0.93981187 0.9398674  0.93683843
 0.94018649 0.93836882 0.93542574 0.94084644]",0.9389188862285435,"(('temp',),)",0.0013957284146019647,0.0018792299412190238,0.0006264099804063412
2,"(4, 5)","[0.94520593 0.95286086 0.94945595 0.95149227 0.94926849 0.94915178
 0.95159055 0.9486803  0.94963325 0.95190851]",0.9499247886222051,"(('prec',), ('temp',))",0.0015389905991333454,0.002072120322900185,0.0006907067743000617
3,"(3, 4, 5)","[0.95046459 0.95800695 0.95471492 0.95654636 0.95486492 0.95562534
 0.95610462 0.95352571 0.95363764 0.95606805]",0.9549559089773577,"('month', ('prec',), ('temp',))",0.0014641895802780735,0.00197140709474211,0.0006571356982473701
4,"(0, 3, 4, 5)","[0.95512489 0.96045792 0.95816762 0.96056795 0.95868002 0.96022351
 0.96031179 0.95600041 0.95899005 0.95938181]",0.9587905974859151,"('lon', 'month', ('prec',), ('temp',))",0.0013351995599468057,0.001797732971761604,0.0005992443239205346
5,"(0, 1, 3, 4, 5)","[0.95535667 0.96069621 0.95867126 0.96080233 0.95874742 0.96083991
 0.96125894 0.95651904 0.95951067 0.95953996]",0.9591942410851677,"('lon', 'lat', 'month', ('prec',), ('temp',))",0.0013773194409164161,0.0018544438193810857,0.0006181479397936952
6,"(0, 1, 2, 3, 4, 5)","[0.95589194 0.96110298 0.95882042 0.96109973 0.95921169 0.96129175
 0.96166686 0.95701569 0.95984858 0.96015073]",0.9596100376730856,"('lon', 'lat', 'year', 'month', ('prec',), ('temp',))",0.0013531453251585596,0.001821895422673397,0.0006072984742244656
