,feature_idx,cv_scores,avg_score,feature_names,ci_bound,std_dev,std_err
1,"(5,)","[0.94214033 0.93881968 0.93658051 0.94348115 0.9393574  0.94135022
 0.93378457 0.93736158 0.94165515 0.93827395]",0.9392804533662767,"(('temp',),)",0.0020763527171960066,0.0027956328422238026,0.0009318776140746006
2,"(4, 5)","[0.9525776  0.95063473 0.94923778 0.95355231 0.95129695 0.95171345
 0.94587148 0.9502571  0.95183555 0.9508929 ]",0.9507869848136474,"(('prec',), ('temp',))",0.0014844724222357489,0.001998716221289303,0.0006662387404297675
3,"(3, 4, 5)","[0.9585045  0.95423004 0.95499665 0.9574579  0.95694003 0.95676534
 0.9510294  0.95677335 0.95667339 0.95644224]",0.9559812846485333,"('month', ('prec',), ('temp',))",0.001484632957560072,0.001998932368488812,0.0006663107894962706
4,"(0, 3, 4, 5)","[0.96192918 0.95835674 0.95885863 0.9614161  0.96076148 0.95985026
 0.95542906 0.96038651 0.96042658 0.9596453 ]",0.9597059843343356,"('lon', 'month', ('prec',), ('temp',))",0.0013038495151703837,0.0017555227952071556,0.0005851742650690518
5,"(0, 1, 3, 4, 5)","[0.96202062 0.95868164 0.95948832 0.96155046 0.96127846 0.96029193
 0.95609507 0.96104589 0.96079019 0.96012468]",0.96013672740671,"('lon', 'lat', 'month', ('prec',), ('temp',))",0.001220440356548606,0.0016432194368932586,0.0005477398122977528
6,"(0, 1, 2, 3, 4, 5)","[0.96233866 0.95875001 0.9602886  0.96187393 0.96141993 0.96077001
 0.95690463 0.96178815 0.96106109 0.96031974]",0.9605514748868339,"('lon', 'lat', 'year', 'month', ('prec',), ('temp',))",0.001155425783065864,0.0015556828274596848,0.0005185609424865616
