,feature_idx,cv_scores,avg_score,feature_names,ci_bound,std_dev,std_err
1,"(5,)","[0.93874796 0.93538658 0.93455558 0.94013796 0.93924862 0.94317874
 0.93933714 0.94007471 0.93625789 0.93944915]",0.9386374318499335,"(('temp',),)",0.0018096437883557014,0.0024365318886116405,0.0008121772962038802
2,"(4, 5)","[0.94971466 0.94604591 0.94593075 0.9514913  0.95160234 0.95249784
 0.95048391 0.95269077 0.94816477 0.95223588]",0.9500858138236723,"(('prec',), ('temp',))",0.0018051694629593613,0.0024305075889244007,0.0008101691963081334
3,"(3, 4, 5)","[0.95580332 0.95208774 0.95078961 0.95626547 0.95732104 0.95812052
 0.95527659 0.9562653  0.95416945 0.95681703]",0.9552916078287046,"('month', ('prec',), ('temp',))",0.0016339483551777488,0.002199972888229311,0.000733324296076437
4,"(0, 3, 4, 5)","[0.96015867 0.95704102 0.95530823 0.96023989 0.96061066 0.96073512
 0.95781906 0.95993807 0.95832809 0.96051924]",0.9590698059247446,"('lon', 'month', ('prec',), ('temp',))",0.001306348721127734,0.0017588877640758772,0.0005862959213586257
5,"(0, 1, 3, 4, 5)","[0.96069038 0.95714992 0.95602306 0.96030373 0.9605926  0.961356
 0.95854584 0.96046445 0.9585641  0.96169369]",0.9595383768579572,"('lon', 'lat', 'month', ('prec',), ('temp',))",0.001325018920535353,0.0017840256041945315,0.0005946752013981771
6,"(0, 1, 2, 3, 4, 5)","[0.9610888  0.95780379 0.9563569  0.96091041 0.96099816 0.96160912
 0.95870023 0.96081803 0.95892511 0.96224543]",0.9599455986140051,"('lon', 'lat', 'year', 'month', ('prec',), ('temp',))",0.0013332001500123505,0.001795040935850971,0.0005983469786169903
