,feature_idx,cv_scores,avg_score,feature_names,ci_bound,std_dev,std_err
1,"(5,)","[0.94129401 0.93664163 0.94356191 0.93875767 0.93668508 0.94135133
 0.93987113 0.94131504 0.93238503 0.93172813]",0.9383590962948188,"(('temp',),)",0.002791162440646301,0.0037580635132117273,0.0012526878377372426
2,"(4, 5)","[0.95439814 0.94767058 0.95415149 0.95110296 0.9505469  0.95048514
 0.94946197 0.95165839 0.94435073 0.94501746]",0.9498843761753732,"(('prec',), ('temp',))",0.0023882782708209657,0.0032156141463735148,0.0010718713821245046
3,"(3, 4, 5)","[0.95962026 0.95347486 0.95842394 0.95636288 0.95538551 0.95606874
 0.9532782  0.95612641 0.94988835 0.95197047]",0.955059961286028,"('month', ('prec',), ('temp',))",0.0020749344634837536,0.0027937232838796226,0.0009312410946265408
4,"(0, 3, 4, 5)","[0.9641883  0.95741487 0.96251177 0.96025607 0.95911193 0.96008105
 0.95636002 0.9595652  0.95400062 0.9559955 ]",0.9589485328178424,"('lon', 'month', ('prec',), ('temp',))",0.0021756007985713694,0.002929261966756824,0.000976420655585608
5,"(0, 2, 3, 4, 5)","[0.96446165 0.95790056 0.96294374 0.96090228 0.95933269 0.96055358
 0.95674631 0.96004808 0.95430597 0.9564666 ]",0.9593661463069857,"('lon', 'year', 'month', ('prec',), ('temp',))",0.002178358864746894,0.00293297546895588,0.00097765848965196
6,"(0, 1, 2, 3, 4, 5)","[0.96489743 0.95824949 0.96357328 0.96171547 0.95996429 0.96065675
 0.95663736 0.96066536 0.95464119 0.95707092]",0.959807153643759,"('lon', 'lat', 'year', 'month', ('prec',), ('temp',))",0.002251134846634293,0.003030962156576205,0.001010320718858735
