,feature_idx,cv_scores,avg_score,feature_names,ci_bound,std_dev,std_err
1,"(5,)","[0.93775656 0.94358933 0.93709959 0.93739905 0.93756448 0.93995032
 0.93277167 0.9395736  0.93933029 0.93737524]",0.9382410129824216,"(('temp',),)",0.0019347060431488601,0.0026049176084013245,0.0008683058694671081
2,"(4, 5)","[0.94647595 0.95350378 0.94808089 0.94764163 0.95188462 0.95136673
 0.94363168 0.95067582 0.94995839 0.94868753]",0.9491907025893702,"(('prec',), ('temp',))",0.0020414072275696873,0.0027485817041017296,0.0009161939013672431
3,"(3, 4, 5)","[0.95225232 0.95926531 0.95383553 0.95174469 0.95654433 0.9562623
 0.94976528 0.954887   0.95512001 0.953622  ]",0.9543298773017401,"('month', ('prec',), ('temp',))",0.0019154466435403682,0.0025789864601811307,0.0008596621533937101
4,"(0, 3, 4, 5)","[0.95664561 0.96329679 0.95831131 0.95575611 0.95989229 0.95996447
 0.95372739 0.95875771 0.9578577  0.95718835]",0.9581397728278409,"('lon', 'month', ('prec',), ('temp',))",0.0018459851058782429,0.0024854623906184967,0.0008284874635394988
5,"(0, 1, 3, 4, 5)","[0.95683893 0.96357398 0.95881747 0.95573498 0.96088467 0.96042503
 0.9542805  0.95901798 0.95836503 0.957837  ]",0.9585775575425517,"('lon', 'lat', 'month', ('prec',), ('temp',))",0.0018805891774856182,0.002532053838333067,0.0008440179461110222
6,"(0, 1, 2, 3, 4, 5)","[0.95743144 0.96398146 0.95930962 0.95604348 0.9613626  0.96067287
 0.95508082 0.95977054 0.95874782 0.95794562]",0.959034628263978,"('lon', 'lat', 'year', 'month', ('prec',), ('temp',))",0.001843509319308664,0.002482128953969256,0.000827376317989752
