,feature_idx,cv_scores,avg_score,feature_names,ci_bound,std_dev,std_err
1,"(5,)","[0.93721806 0.93515205 0.94133706 0.94017682 0.94043741 0.9394756
 0.94262467 0.9360549  0.93639579 0.93622547]",0.9385097831642012,"(('temp',),)",0.0018345131280755845,0.0024700163454235914,0.0008233387818078637
2,"(4, 5)","[0.95033216 0.94579788 0.95151148 0.95246216 0.95043465 0.94878861
 0.95360485 0.94859104 0.94675335 0.94915264]",0.9497428809083146,"(('prec',), ('temp',))",0.001715475253157857,0.002309741942220105,0.0007699139807400349
3,"(3, 4, 5)","[0.95593896 0.95112063 0.95570018 0.9564408  0.95548902 0.95401492
 0.95798448 0.95477194 0.95313015 0.95306117]",0.9547652247479345,"('month', ('prec',), ('temp',))",0.0013968186728990247,0.001880697881553306,0.0006268992938511019
4,"(0, 3, 4, 5)","[0.959547   0.95505789 0.96019794 0.95984869 0.95952232 0.95777726
 0.96078801 0.95787004 0.95663887 0.95734115]",0.9584589184379981,"('lon', 'month', ('prec',), ('temp',))",0.0012785779280673863,0.0017214967464076682,0.0005738322488025561
5,"(0, 2, 3, 4, 5)","[0.96024608 0.95526764 0.96044609 0.96032692 0.95984715 0.95844123
 0.96116361 0.95854071 0.95706995 0.95769247]",0.9589041857562896,"('lon', 'year', 'month', ('prec',), ('temp',))",0.0012992187763635908,0.0017492878981278611,0.0005830959660426203
6,"(0, 1, 2, 3, 4, 5)","[0.96036801 0.95607822 0.96093029 0.96072998 0.96020681 0.95863721
 0.96159731 0.9588534  0.95776226 0.95851115]",0.9593674624108154,"('lon', 'lat', 'year', 'month', ('prec',), ('temp',))",0.0011953592730867433,0.001609449885090312,0.000536483295030104
