,feature_idx,cv_scores,avg_score,feature_names,ci_bound,std_dev,std_err
1,"(5,)","[0.9399757  0.94116958 0.93512576 0.93666723 0.93610418 0.93841392
 0.94019899 0.93896385 0.93890155 0.9391102 ]",0.9384630967681256,"(('temp',),)",0.0013577224603964577,0.00182805814709319,0.00060935271569773
2,"(4, 5)","[0.95026465 0.95146792 0.9497036  0.9495603  0.94811939 0.94916974
 0.95135138 0.95007413 0.95196181 0.95055406]",0.9502226963772241,"(('prec',), ('temp',))",0.0008211423228339081,0.0011055984981947116,0.00036853283273157047
3,"(3, 4, 5)","[0.95636062 0.95677474 0.95502161 0.95486198 0.95397984 0.95397468
 0.95700794 0.95378002 0.95732673 0.95625317]",0.9555341321129405,"('month', ('prec',), ('temp',))",0.0009616290487259653,0.0012947519601993333,0.00043158398673311105
4,"(0, 3, 4, 5)","[0.96033185 0.96081009 0.95938441 0.95835418 0.95816345 0.95739627
 0.95959709 0.95783041 0.96104091 0.96026732]",0.9593175975882868,"('lon', 'month', ('prec',), ('temp',))",0.0009209063041764379,0.0012399222382810402,0.0004133074127603467
5,"(0, 1, 3, 4, 5)","[0.96043331 0.96107677 0.9600387  0.95882163 0.95889087 0.95818033
 0.96030256 0.95799089 0.96115185 0.96096369]",0.9597850599686935,"('lon', 'lat', 'month', ('prec',), ('temp',))",0.0008533174912713215,0.0011489196337815337,0.0003829732112605113
6,"(0, 1, 2, 3, 4, 5)","[0.96106219 0.96140301 0.96070607 0.95910516 0.95918652 0.95888011
 0.96045296 0.958808   0.96159921 0.96115177]",0.9602355001678969,"('lon', 'lat', 'year', 'month', ('prec',), ('temp',))",0.0007883727924441698,0.0010614771046457776,0.0003538257015485925
