,feature_idx,cv_scores,avg_score,feature_names,ci_bound,std_dev,std_err
1,"(5,)","[0.93669892 0.94065115 0.9429834  0.9405517  0.93086724 0.9416479
 0.937396   0.9325339  0.94096093 0.93730323]",0.9381594381001216,"(('temp',),)",0.002813418148299564,0.0037880289361030845,0.0012626763120343611
2,"(4, 5)","[0.94944829 0.95095478 0.95207934 0.95228179 0.9415003  0.94956219
 0.95038649 0.94532201 0.95224319 0.94789089]",0.9491669276516381,"(('prec',), ('temp',))",0.0024380434390966132,0.003282618724968462,0.001094206241656154
3,"(3, 4, 5)","[0.95483191 0.95648256 0.95792125 0.95689313 0.94693242 0.95373295
 0.95503204 0.95078644 0.95772613 0.95301739]",0.9543356224402736,"('month', ('prec',), ('temp',))",0.00241511698595178,0.0032517502001573424,0.0010839167333857808
4,"(0, 3, 4, 5)","[0.95989584 0.96018794 0.96126879 0.96066515 0.95070612 0.95780979
 0.95929437 0.95477631 0.96104008 0.95692362]",0.9582568000581343,"('lon', 'month', ('prec',), ('temp',))",0.0023628886391114864,0.0031814291605225353,0.001060476386840845
5,"(0, 1, 3, 4, 5)","[0.96035459 0.96052653 0.96171625 0.96133862 0.95109187 0.95804747
 0.96007093 0.95538847 0.9612468  0.95711853]",0.9586900059865495,"('lon', 'lat', 'month', ('prec',), ('temp',))",0.0023752346878894055,0.0031980520681573507,0.0010660173560524502
6,"(0, 1, 2, 3, 4, 5)","[0.96050398 0.96069109 0.96190164 0.96177617 0.95171116 0.95823925
 0.96059791 0.95573946 0.96207519 0.95781777]",0.9591053629973704,"('lon', 'lat', 'year', 'month', ('prec',), ('temp',))",0.0023355001291537505,0.003144552854631299,0.0010481842848770995
