,feature_idx,cv_scores,avg_score,feature_names,ci_bound,std_dev,std_err
1,"(5,)","[0.93618421 0.93371721 0.93617668 0.93996073 0.93925587 0.94034537
 0.94458424 0.93841681 0.93935103 0.93954712]",0.938753925420009,"(('temp',),)",0.0020735795268999944,0.002791898976679157,0.0009306329922263856
2,"(4, 5)","[0.94676405 0.94608761 0.94824144 0.9521124  0.94970578 0.95181668
 0.95596703 0.95001801 0.95012385 0.95093573]",0.9501772585482291,"(('prec',), ('temp',))",0.002005356642581563,0.002700042648795999,0.0009000142162653329
3,"(3, 4, 5)","[0.95152875 0.95157008 0.95386927 0.95700001 0.95449008 0.95657737
 0.96043522 0.95546054 0.95490935 0.9563054 ]",0.955214606479173,"('month', ('prec',), ('temp',))",0.0018619154959739013,0.002506911309856555,0.0008356371032855182
4,"(0, 3, 4, 5)","[0.95575228 0.95491215 0.95741199 0.95994821 0.95843637 0.96059367
 0.96337494 0.96010875 0.95865419 0.96075326]",0.9589945805366555,"('lon', 'month', ('prec',), ('temp',))",0.0017747442649825717,0.0023895426401511783,0.0007965142133837262
5,"(0, 1, 3, 4, 5)","[0.95586855 0.95528915 0.95815022 0.96035688 0.95886285 0.96065629
 0.96393409 0.96082914 0.95923359 0.96117821]",0.9594358968510717,"('lon', 'lat', 'month', ('prec',), ('temp',))",0.0018115473234099914,0.002439094837127095,0.0008130316123756983
6,"(0, 1, 2, 3, 4, 5)","[0.95643997 0.95609914 0.95876147 0.96081349 0.95923189 0.96111362
 0.96423607 0.96117884 0.95987147 0.96144378]",0.9599189758534038,"('lon', 'lat', 'year', 'month', ('prec',), ('temp',))",0.0017144566452729402,0.0023083704730892402,0.0007694568243630799
