,feature_idx,cv_scores,avg_score,feature_names,ci_bound,std_dev,std_err
1,"(5,)","[0.93698123 0.93914074 0.94079359 0.9319216  0.93367341 0.93637198
 0.93999956 0.94189878 0.94146609 0.94145264]",0.9383699629017977,"(('temp',),)",0.0024658127203636966,0.003320007707135253,0.001106669235711751
2,"(4, 5)","[0.94864825 0.94778398 0.95246364 0.94556402 0.94651262 0.95006387
 0.95337229 0.94991702 0.95134015 0.95124761]",0.9496913455195765,"(('prec',), ('temp',))",0.0017953128833187884,0.002417236540355932,0.0008057455134519772
3,"(3, 4, 5)","[0.95364291 0.95314145 0.95839181 0.94995888 0.9518708  0.95451838
 0.95701636 0.95553223 0.95644963 0.95635654]",0.9546878982592728,"('month', ('prec',), ('temp',))",0.0018124871347176019,0.0024403602133492032,0.0008134534044497343
4,"(0, 3, 4, 5)","[0.9571417  0.95784382 0.96292331 0.95563222 0.95464485 0.95754291
 0.96040218 0.95956981 0.95959547 0.95970388]",0.9585000141291655,"('lon', 'month', ('prec',), ('temp',))",0.0017139739844834378,0.0023077206112697085,0.0007692402037565694
5,"(0, 1, 3, 4, 5)","[0.9576227  0.95813248 0.96337071 0.95633957 0.95523177 0.95825219
 0.96093713 0.95972735 0.95993154 0.96006515]",0.9589610587727563,"('lon', 'lat', 'month', ('prec',), ('temp',))",0.0016583961388272376,0.0022328897555438354,0.0007442965851812783
6,"(0, 1, 2, 3, 4, 5)","[0.9581386  0.95856144 0.96352549 0.95668448 0.9559606  0.95910248
 0.96144078 0.95976828 0.96048342 0.96048041]",0.9594145975690577,"('lon', 'lat', 'year', 'month', ('prec',), ('temp',))",0.0015798223937843847,0.002127096871531835,0.0007090322905106115
