,feature_idx,cv_scores,avg_score,feature_names,ci_bound,std_dev,std_err
1,"(5,)","[0.94048313 0.94000783 0.93580237 0.93780838 0.93902583 0.94079613
 0.94152436 0.93860887 0.93468055 0.9360898 ]",0.9384827246066336,"(('temp',),)",0.001645129780669843,0.002215027729379224,0.0007383425764597414
2,"(4, 5)","[0.95126764 0.94974771 0.94544518 0.95245419 0.95136585 0.95202379
 0.95153244 0.94939116 0.94627923 0.94814016]",0.9497647344507492,"(('prec',), ('temp',))",0.0017238276423265715,0.0023209877258857166,0.0007736625752952389
3,"(3, 4, 5)","[0.95578019 0.95570925 0.95137098 0.95730695 0.95707099 0.95701298
 0.9550031  0.9538818  0.9515544  0.95488006]",0.9549570699158766,"('month', ('prec',), ('temp',))",0.0015050365344054385,0.0020264040543229865,0.0006754680181076621
4,"(0, 3, 4, 5)","[0.95911721 0.95925126 0.95618672 0.96131072 0.96056976 0.96080618
 0.95842659 0.95808922 0.95589832 0.95995957]",0.958961556251384,"('lon', 'month', ('prec',), ('temp',))",0.0013022277330954817,0.0017533392031835184,0.0005844464010611728
5,"(0, 1, 3, 4, 5)","[0.95941921 0.95956859 0.95678346 0.96156165 0.9608515  0.9612948
 0.95860914 0.95888649 0.95670149 0.96063267]",0.9594309011315291,"('lon', 'lat', 'month', ('prec',), ('temp',))",0.0012187275963592209,0.001640913350554149,0.000546971116851383
6,"(0, 1, 2, 3, 4, 5)","[0.95982528 0.95993351 0.9571827  0.9620409  0.96118027 0.96176954
 0.95898728 0.95960291 0.95671392 0.96129403]",0.9598530341470211,"('lon', 'lat', 'year', 'month', ('prec',), ('temp',))",0.0012885978993457474,0.001734987787959488,0.0005783292626531627
