,feature_idx,cv_scores,avg_score,feature_names,ci_bound,std_dev,std_err
1,"(5,)","[0.94097629 0.93318038 0.9421784  0.93980055 0.93927117 0.9366423
 0.93720428 0.94209765 0.94021343 0.941715  ]",0.939327945751617,"(('temp',),)",0.002030437474930104,0.0027338118624961544,0.0009112706208320515
2,"(4, 5)","[0.95089896 0.94372805 0.95469627 0.95160129 0.95215671 0.9515477
 0.94885642 0.95304134 0.94956624 0.9523771 ]",0.950847008389316,"(('prec',), ('temp',))",0.0021142330201170084,0.0028466354575512926,0.0009488784858504309
3,"(3, 4, 5)","[0.95592372 0.94897111 0.95974297 0.95625304 0.95716536 0.95696417
 0.95357174 0.95850928 0.95315375 0.95866494]",0.9558920104236682,"('month', ('prec',), ('temp',))",0.0022656027575236205,0.0030504419715929867,0.0010168139905309956
4,"(0, 3, 4, 5)","[0.95939091 0.9521388  0.96356563 0.96133392 0.96131373 0.96086027
 0.95752472 0.96207726 0.95696629 0.96239493]",0.9597566461611671,"('lon', 'month', ('prec',), ('temp',))",0.0023942253018443124,0.003223621319290187,0.0010745404397633955
5,"(0, 1, 3, 4, 5)","[0.95971026 0.95272133 0.9638541  0.96181506 0.96176563 0.96137398
 0.95799352 0.9624521  0.9574618  0.96275288]",0.9601900656351848,"('lon', 'lat', 'month', ('prec',), ('temp',))",0.0023476669542000666,0.0031609344527111314,0.001053644817570377
6,"(0, 1, 2, 3, 4, 5)","[0.95990371 0.95301236 0.96415883 0.96219382 0.96225212 0.96189693
 0.95831571 0.96275786 0.9576977  0.96344926]",0.9605638309519862,"('lon', 'lat', 'year', 'month', ('prec',), ('temp',))",0.002396064847124998,0.003226098111002333,0.0010753660370007776
