,feature_idx,cv_scores,avg_score,feature_names,ci_bound,std_dev,std_err
1,"(5,)","[0.93571286 0.93291115 0.93996306 0.93745823 0.93557247 0.93565895
 0.93575114 0.94064068 0.93835816 0.9425704 ]",0.9374597088530965,"(('temp',),)",0.002057948371078993,0.0027708529510144415,0.000923617650338147
2,"(1, 5)","[0.94910823 0.94653856 0.95254188 0.94893027 0.94644769 0.94770689
 0.9465884  0.95187733 0.95138334 0.95344052]",0.9494563117130378,"('lat', ('temp',))",0.0018821257199005792,0.0025341226623836043,0.000844707554127868
3,"(1, 4, 5)","[0.95218197 0.9554875  0.95809975 0.95653938 0.95055187 0.95582638
 0.95430213 0.95440432 0.95872915 0.94973775]",0.9545860210922245,"('lat', ('prec',), ('temp',))",0.0021183825022516056,0.002852222383335929,0.0009507407944453096
4,"(1, 2, 4, 5)","[0.95360387 0.95643666 0.95872122 0.9579806  0.95220077 0.95712443
 0.95597324 0.956612   0.96026516 0.95259285]",0.9561510800216443,"('lat', 'year', ('prec',), ('temp',))",0.0018627985422339439,0.0025081002567562474,0.000836033418918749
5,"(1, 2, 3, 4, 5)","[0.95459943 0.95867585 0.96025528 0.95927086 0.9532663  0.95839328
 0.95753816 0.9588661  0.96166489 0.95428333]",0.9576813471528383,"('lat', 'year', 'month', ('prec',), ('temp',))",0.001943549874514755,0.002616825077307173,0.0008722750257690575
6,"(0, 1, 2, 3, 4, 5)","[0.95582494 0.96018843 0.96084144 0.96127093 0.95415568 0.96038082
 0.95842962 0.96014768 0.96248147 0.954262  ]",0.9587983011271597,"('lon', 'lat', 'year', 'month', ('prec',), ('temp',))",0.0021166724511218985,0.0028499199445159258,0.0009499733148386418
