,feature_idx,cv_scores,avg_score,feature_names,ci_bound,std_dev,std_err
1,"(5,)","[0.93719019 0.93923158 0.94385263 0.94251    0.93931754 0.93777723
 0.94098469 0.93464973 0.93395986 0.93462378]",0.9384097232535961,"(('temp',),)",0.002403534686181193,0.0032361556157888154,0.0010787185385962717
2,"(1, 5)","[0.95071946 0.95216825 0.95456481 0.95308003 0.95040888 0.95075614
 0.95148587 0.94691929 0.94571863 0.94641717]",0.9502238532616941,"('lat', ('temp',))",0.0020828594553264895,0.0028043936132925505,0.0009347978710975167
3,"(1, 4, 5)","[0.95687567 0.95955464 0.95108341 0.96056377 0.957371   0.94701992
 0.95884097 0.95110559 0.95393289 0.95413449]",0.9550482336013101,"('lat', ('prec',), ('temp',))",0.0030770693778800887,0.004143012956979545,0.0013810043189931814
4,"(1, 2, 4, 5)","[0.95791798 0.96003516 0.95413746 0.96161982 0.9585273  0.95011657
 0.96018254 0.95236891 0.95552971 0.95507023]",0.9565505671535991,"('lat', 'year', ('prec',), ('temp',))",0.002623233087564603,0.0035319608810526885,0.0011773202936842294
5,"(1, 2, 3, 4, 5)","[0.95867543 0.96134732 0.95449455 0.96282296 0.96033363 0.95127007
 0.96169453 0.95380285 0.95714326 0.95728678]",0.9578871373600386,"('lat', 'year', 'month', ('prec',), ('temp',))",0.002681271378400396,0.0036101045175472592,0.001203368172515753
6,"(0, 1, 2, 3, 4, 5)","[0.96020107 0.96250137 0.95518154 0.9633959  0.96060529 0.95223235
 0.96289047 0.95588025 0.95822685 0.95856721]",0.9589682302851392,"('lon', 'lat', 'year', 'month', ('prec',), ('temp',))",0.0025902297692344447,0.0034875247118690846,0.0011625082372896947
