,feature_idx,cv_scores,avg_score,feature_names,ci_bound,std_dev,std_err
1,"(5,)","[0.93617119 0.94402759 0.93619671 0.94112222 0.93803149 0.93840417
 0.93791525 0.93591779 0.94120644 0.94447506]",0.9393467900408992,"(('temp',),)",0.0022435939173828783,0.003020808934870882,0.0010069363116236272
2,"(1, 5)","[0.94949047 0.95388648 0.94959384 0.95252313 0.9485494  0.9491353
 0.95103326 0.94745697 0.95316537 0.95540589]",0.9510240097522006,"('lat', ('temp',))",0.0018349569155172863,0.0024706138675770835,0.0008235379558590277
3,"(1, 4, 5)","[0.9575551  0.95753542 0.95820318 0.95181672 0.95211313 0.95550304
 0.95371978 0.95264013 0.95994998 0.96199665]",0.9561033130169658,"('lat', ('prec',), ('temp',))",0.0024680883022339278,0.0033230715851357974,0.001107690528378599
4,"(1, 3, 4, 5)","[0.95931593 0.95858146 0.9595034  0.95277906 0.95388812 0.95657276
 0.9547097  0.95488873 0.96088531 0.96410412]",0.9575228602552546,"('lat', 'month', ('prec',), ('temp',))",0.0025115070354282637,0.003381531227122713,0.001127177075707571
5,"(1, 2, 3, 4, 5)","[0.96073318 0.96044713 0.96019684 0.95530725 0.9558053  0.95873981
 0.95605227 0.95589108 0.96153147 0.96400969]",0.9588714034285507,"('lat', 'year', 'month', ('prec',), ('temp',))",0.0021024824810938827,0.00283081435329727,0.0009436047844324231
6,"(0, 1, 2, 3, 4, 5)","[0.96250259 0.96076276 0.96223446 0.95610097 0.95662755 0.95927961
 0.95667487 0.95711019 0.96233128 0.96475165]",0.9598375938430086,"('lon', 'lat', 'year', 'month', ('prec',), ('temp',))",0.0021791916355362426,0.0029340967241980494,0.0009780322413993497
