,feature_idx,cv_scores,avg_score,feature_names,ci_bound,std_dev,std_err
1,"(5,)","[0.93955607 0.94070773 0.93535471 0.93899698 0.93433493 0.935491
 0.93304956 0.93141884 0.94266594 0.93619374]",0.9367769489222739,"(('temp',),)",0.0025226671299890223,0.0033965573479826186,0.0011321857826608727
2,"(1, 5)","[0.95017349 0.95103389 0.94783316 0.94616942 0.95064548 0.94938185
 0.94601083 0.94837214 0.95030916 0.95028909]",0.9490218522007604,"('lat', ('temp',))",0.0012958398245781712,0.0017447384261111956,0.0005815794753703986
3,"(1, 4, 5)","[0.9568851  0.95224618 0.95224754 0.94880041 0.95061008 0.95759999
 0.95394411 0.95637473 0.95859197 0.95876893]",0.9546069026716477,"('lat', ('prec',), ('temp',))",0.0024827733630306595,0.0033428437740868336,0.0011142812580289443
4,"(1, 2, 4, 5)","[0.95785769 0.95439225 0.95466185 0.95108016 0.95292738 0.95836829
 0.95563033 0.95757282 0.96064536 0.95955932]",0.9562695431519337,"('lat', 'year', ('prec',), ('temp',))",0.0021424815853640323,0.002884669754949921,0.0009615565849833069
5,"(1, 2, 3, 4, 5)","[0.95834089 0.95516017 0.95565111 0.95352741 0.95379655 0.95983451
 0.95869828 0.95917732 0.96285631 0.9609719 ]",0.9578014463794509,"('lat', 'year', 'month', ('prec',), ('temp',))",0.0022111402430012514,0.002977112814649729,0.0009923709382165763
6,"(0, 1, 2, 3, 4, 5)","[0.9593593  0.95690519 0.95658163 0.95490119 0.95341936 0.96060548
 0.95996575 0.96138148 0.96390023 0.96210092]",0.9589120525978245,"('lon', 'lat', 'year', 'month', ('prec',), ('temp',))",0.0023608682150662885,0.003178708830893953,0.0010595696102979845
