,feature_idx,cv_scores,avg_score,feature_names,ci_bound,std_dev,std_err
1,"(5,)","[0.93566205 0.94636392 0.93738507 0.93693037 0.93733561 0.93798136
 0.93354819 0.94268803 0.93993846 0.93976679]",0.9387599865275519,"(('temp',),)",0.002575884874568465,0.0034682105277642704,0.0011560701759214234
2,"(1, 5)","[0.94735523 0.95336052 0.94670252 0.94765514 0.95084563 0.94894406
 0.94725591 0.95249231 0.95304204 0.95042384]",0.9498077185550121,"('lat', ('temp',))",0.0018085521773930533,0.0024350621270278613,0.0008116873756759537
3,"(1, 4, 5)","[0.95194415 0.96015848 0.94510524 0.95581927 0.95447322 0.95625265
 0.95472227 0.95499653 0.95629979 0.956679  ]",0.9546450598564192,"('lat', ('prec',), ('temp',))",0.002775979435144335,0.003737620883944827,0.001245873627981609
4,"(1, 2, 4, 5)","[0.95441476 0.96039205 0.94830973 0.95699112 0.95675342 0.95759744
 0.95561619 0.95742558 0.95919446 0.95778469]",0.9564479437884215,"('lat', 'year', ('prec',), ('temp',))",0.0023322575027273215,0.003140186933149023,0.0010467289777163409
5,"(1, 2, 3, 4, 5)","[0.95559787 0.96247723 0.95043708 0.9580235  0.95803978 0.95965554
 0.95696708 0.95809851 0.9593746  0.95956758]",0.9578238764818247,"('lat', 'year', 'month', ('prec',), ('temp',))",0.002238879640479084,0.00301446156082868,0.0010048205202762266
6,"(0, 1, 2, 3, 4, 5)","[0.9567056  0.96331325 0.95153131 0.9588964  0.95891501 0.96045468
 0.95864668 0.95891601 0.95970691 0.96072517]",0.958781102010429,"('lon', 'lat', 'year', 'month', ('prec',), ('temp',))",0.0021642454920291704,0.0029139730095194623,0.0009713243365064874
