,feature_idx,cv_scores,avg_score,feature_names,ci_bound,std_dev,std_err
1,"(5,)","[0.94004262 0.93968921 0.93724203 0.94108947 0.9368341  0.94194456
 0.93723814 0.93760215 0.93977045 0.93887649]",0.9390329225001995,"(('temp',),)",0.0012435971117651583,0.0016743980439124723,0.0005581326813041574
2,"(1, 5)","[0.94960428 0.95176223 0.94881497 0.95250646 0.94815178 0.95191475
 0.95069694 0.94809126 0.95138068 0.95058711]",0.9503510464689601,"('lat', ('temp',))",0.0011307430418111657,0.0015224496096560489,0.0005074832032186829
3,"(1, 4, 5)","[0.95473516 0.95861436 0.95761073 0.95969846 0.95620958 0.95887359
 0.95830999 0.95558703 0.95945456 0.93417293]",0.9553266377564587,"('lat', ('prec',), ('temp',))",0.005367797391599814,0.00722728395521593,0.002409094651738643
4,"(1, 2, 4, 5)","[0.95642469 0.95921141 0.95841942 0.96051444 0.95719168 0.95934579
 0.95951473 0.95614402 0.96084716 0.93966911]",0.956728245326141,"('lat', 'year', ('prec',), ('temp',))",0.004372588418806753,0.0058873194751090305,0.0019624398250363433
5,"(1, 2, 3, 4, 5)","[0.95787376 0.96131408 0.95988151 0.96178766 0.95798639 0.96087582
 0.9615236  0.95735233 0.96239601 0.93970927]",0.9580700436629677,"('lat', 'year', 'month', ('prec',), ('temp',))",0.004719693458367338,0.006354666973566519,0.002118222324522173
6,"(0, 1, 2, 3, 4, 5)","[0.95846694 0.96234149 0.961142   0.96293584 0.95902091 0.96153827
 0.96258166 0.95878735 0.96351283 0.94046037]",0.9590787660106226,"('lon', 'lat', 'year', 'month', ('prec',), ('temp',))",0.004783825302069075,0.0064410150622125845,0.002147005020737528
