,feature_idx,cv_scores,avg_score,feature_names,ci_bound,std_dev,std_err
1,"(5,)","[0.93697831 0.93865177 0.93822618 0.9363194  0.94500654 0.93484848
 0.93615366 0.93322226 0.93617174 0.94073399]",0.9376312312098822,"(('temp',),)",0.002337612719134907,0.003147397277876233,0.0010491324259587441
2,"(1, 5)","[0.94728445 0.94752633 0.95051496 0.94897727 0.95448029 0.94747396
 0.94966283 0.94597616 0.94598705 0.95447427]",0.949235755657576,"('lat', ('temp',))",0.0022013067820238117,0.00296387289340052,0.0009879576311335066
3,"(1, 4, 5)","[0.95532139 0.95562536 0.94970521 0.95217411 0.96135358 0.95458984
 0.95810817 0.94423212 0.95371318 0.96078267]",0.9545605637376811,"('lat', ('prec',), ('temp',))",0.003606734463077117,0.00485616207432014,0.0016187206914400466
4,"(1, 2, 4, 5)","[0.95654559 0.95735195 0.95325225 0.95444105 0.96106327 0.95559548
 0.95870862 0.94786453 0.95535152 0.96187309]",0.9562047352509561,"('lat', 'year', ('prec',), ('temp',))",0.002837156876524647,0.003819991120422273,0.0012733303734740909
5,"(1, 2, 3, 4, 5)","[0.95859415 0.95969829 0.95276487 0.95615204 0.96236369 0.95775163
 0.96096733 0.94933254 0.95713506 0.96310356]",0.9577863187816427,"('lat', 'year', 'month', ('prec',), ('temp',))",0.003002525544668601,0.004042646007479405,0.0013475486691598014
6,"(0, 1, 2, 3, 4, 5)","[0.96008191 0.96096187 0.95321031 0.95638923 0.9633075  0.95927862
 0.96276912 0.95054235 0.95864702 0.96404403]",0.9589231969830262,"('lon', 'lat', 'year', 'month', ('prec',), ('temp',))",0.0031090701193333815,0.004186099241425066,0.001395366413808355
