,feature_idx,cv_scores,avg_score,feature_names,ci_bound,std_dev,std_err
1,"(5,)","[0.93262805 0.93347946 0.93714504 0.9392457  0.93603833 0.94901511
 0.93979803 0.93438418 0.93963586 0.93856001]",0.9379929764309314,"(('temp',),)",0.003288572883744116,0.004427784490419896,0.0014759281634732987
2,"(1, 5)","[0.9460921  0.9456407  0.95148364 0.95056634 0.94888831 0.95810787
 0.94775333 0.94847918 0.95161944 0.94858041]",0.9497211316402581,"('lat', ('temp',))",0.0025185648387792436,0.003391033960776079,0.0011303446535920263
3,"(1, 4, 5)","[0.95349228 0.94989273 0.95423689 0.9532087  0.95337768 0.96034371
 0.95392055 0.95448349 0.95893792 0.95617812]",0.9548072061438241,"('lat', ('prec',), ('temp',))",0.0021175934305271496,0.002851159965178604,0.0009503866550595346
4,"(1, 2, 4, 5)","[0.95565707 0.95168084 0.95646779 0.95607714 0.95535661 0.96148739
 0.95559583 0.95482731 0.9602258  0.95853731]",0.9565913081056827,"('lat', 'year', ('prec',), ('temp',))",0.001990973437063892,0.0026806768823784527,0.0008935589607928175
5,"(1, 2, 3, 4, 5)","[0.95727299 0.952476   0.95833737 0.95709966 0.95685963 0.96239187
 0.95720763 0.95677092 0.96215317 0.95957902]",0.9580148255408403,"('lat', 'year', 'month', ('prec',), ('temp',))",0.0020263247289070262,0.0027282743987701607,0.0009094247995900535
6,"(0, 1, 2, 3, 4, 5)","[0.95866442 0.95388741 0.95957189 0.95802428 0.95775248 0.96298721
 0.95798475 0.95807893 0.96304043 0.96064153]",0.9590633322821216,"('lon', 'lat', 'year', 'month', ('prec',), ('temp',))",0.0019057942899290876,0.0025659903846410874,0.0008553301282136957
