,feature_idx,cv_scores,avg_score,feature_names,ci_bound,std_dev,std_err
1,"(5,)","[0.93663428 0.94164842 0.9376398  0.93602821 0.93883133 0.9364564
 0.9379175  0.93930608 0.93951044 0.93661431]",0.9380586773345756,"(('temp',),)",0.0012460649278508448,0.0016777207489811132,0.0005592402496603711
2,"(1, 5)","[0.9480589  0.95149566 0.94856735 0.94859559 0.95134979 0.9490937
 0.94902751 0.95210755 0.94969219 0.94893787]",0.9496926119598224,"('lat', ('temp',))",0.0010057790319371379,0.0013541961683180119,0.00045139872277267064
3,"(1, 4, 5)","[0.9527749  0.9582614  0.95607092 0.95366529 0.95451582 0.9517726
 0.95538335 0.95748536 0.95393652 0.95230819]",0.954617435865246,"('lat', ('prec',), ('temp',))",0.001529409733157296,0.002059220499398252,0.0006864068331327506
4,"(1, 2, 4, 5)","[0.95565872 0.95902558 0.9580988  0.95634108 0.95513889 0.95377583
 0.95731251 0.95847397 0.95575888 0.95308455]",0.9562668805482412,"('lat', 'year', ('prec',), ('temp',))",0.0013928440700440234,0.0018753464158874703,0.0006251154719624901
5,"(1, 2, 3, 4, 5)","[0.95622796 0.96085892 0.95987331 0.95678318 0.95797799 0.95582315
 0.95846586 0.96049466 0.9572203  0.9535441 ]",0.9577269420175163,"('lat', 'year', 'month', ('prec',), ('temp',))",0.0016135923077780592,0.0021725651967628595,0.000724188398920953
6,"(0, 1, 2, 3, 4, 5)","[0.95646103 0.962009   0.96116903 0.95827635 0.95920726 0.95681037
 0.95906818 0.96129271 0.95865739 0.95487296]",0.9587824280958464,"('lon', 'lat', 'year', 'month', ('prec',), ('temp',))",0.001618771734203857,0.0021795388551880015,0.0007265129517293339
