,feature_idx,cv_scores,avg_score,feature_names,ci_bound,std_dev,std_err
1,"(5,)","[0.9451966  0.93780387 0.93389877 0.93635807 0.93492015 0.93535969
 0.93499347 0.94075479 0.94045626 0.9391705 ]",0.9378912166169714,"(('temp',),)",0.0024824318602819253,0.0033423839695978542,0.0011141279898659513
2,"(1, 5)","[0.95452901 0.94957232 0.94534548 0.9499346  0.94686192 0.95023999
 0.94677005 0.95215157 0.95089467 0.94904362]",0.9495343242357606,"('lat', ('temp',))",0.001920702261375183,0.002586062703876868,0.0008620209012922893
3,"(1, 4, 5)","[0.96131921 0.95209474 0.95556313 0.95843837 0.95688925 0.95818459
 0.94523191 0.95213991 0.9587603  0.95669135]",0.9555312761856861,"('lat', ('prec',), ('temp',))",0.0032543786887257405,0.00438174490677157,0.0014605816355905232
4,"(1, 3, 4, 5)","[0.9631586  0.95347281 0.95695707 0.96056487 0.95835687 0.9596636
 0.94604729 0.95379118 0.96012058 0.95924943]",0.9571382303401528,"('lat', 'month', ('prec',), ('temp',))",0.0034588467486966253,0.004657043808979441,0.0015523479363264803
5,"(1, 2, 3, 4, 5)","[0.96446899 0.9549696  0.95865859 0.96110965 0.95921102 0.96036629
 0.94927672 0.95536144 0.96136571 0.96030762]",0.9585095621663704,"('lat', 'year', 'month', ('prec',), ('temp',))",0.0030197927734143147,0.004065894866585047,0.0013552982888616824
6,"(0, 1, 2, 3, 4, 5)","[0.96545078 0.95594146 0.96000525 0.9622746  0.96032792 0.96167056
 0.949672   0.95582567 0.96220682 0.96154297]",0.959491803631858,"('lon', 'lat', 'year', 'month', ('prec',), ('temp',))",0.0031773503479230634,0.004278032778506205,0.0014260109261687347
