,feature_idx,cv_scores,avg_score,feature_names,ci_bound,std_dev,std_err
1,"(5,)","[0.93963371 0.94653845 0.93249476 0.93559576 0.94249123 0.93910531
 0.92934109 0.93885713 0.93248459 0.9364142 ]",0.9372956217259913,"(('temp',),)",0.0036137352425612,0.0048655880301728145,0.0016218626767242714
2,"(1, 5)","[0.95143825 0.95714839 0.94734829 0.94889059 0.95308645 0.95099238
 0.94183489 0.9490661  0.94706807 0.94853277]",0.9495406187087632,"('lat', ('temp',))",0.0028584427504111535,0.003848650744396427,0.0012828835814654757
3,"(1, 4, 5)","[0.95399428 0.96323832 0.95528147 0.9497937  0.96174553 0.94535575
 0.94982434 0.95739208 0.95593544 0.95606163]",0.9548622526316427,"('lat', ('prec',), ('temp',))",0.003851392794118634,0.005185573768065024,0.0017285245893550079
4,"(1, 3, 4, 5)","[0.95615931 0.96429987 0.95702701 0.95171719 0.96343104 0.94627527
 0.9523616  0.95925547 0.95680313 0.95777201]",0.9565101893057377,"('lat', 'month', ('prec',), ('temp',))",0.0038097575287282985,0.00512951541422372,0.0017098384714079066
5,"(1, 2, 3, 4, 5)","[0.95833725 0.96520839 0.95864107 0.95444477 0.96470382 0.94923066
 0.95329736 0.96028691 0.95759476 0.95896457]",0.9580709558594773,"('lat', 'year', 'month', ('prec',), ('temp',))",0.0034466747626805453,0.004640655262091514,0.0015468850873638377
6,"(0, 1, 2, 3, 4, 5)","[0.95942173 0.96619436 0.96005182 0.95562242 0.96459023 0.95015549
 0.95489654 0.96026976 0.9590349  0.95991937]",0.9590156602322594,"('lon', 'lat', 'year', 'month', ('prec',), ('temp',))",0.003264742837220524,0.0043956993537562945,0.0014652331179187648
