,feature_idx,cv_scores,avg_score,feature_names,ci_bound,std_dev,std_err
1,"(5,)","[0.93670612 0.93215615 0.9353394  0.93595421 0.93910953 0.94216695
 0.93909707 0.93919017 0.93963528 0.93995762]",0.937931250884863,"(('temp',),)",0.0020307808154414035,0.002734274141376571,0.0009114247137921903
2,"(1, 5)","[0.94824866 0.94338433 0.94913191 0.95000149 0.94989661 0.95301363
 0.95128385 0.95010908 0.94919751 0.95020114]",0.9494468216953754,"('lat', ('temp',))",0.0017570313599273401,0.0023656937156917215,0.0007885645718972402
3,"(1, 4, 5)","[0.95425465 0.94769617 0.95247042 0.95827438 0.95775542 0.96002258
 0.95915787 0.95397721 0.95188542 0.95691107]",0.955240520439441,"('lat', ('prec',), ('temp',))",0.002728382791861892,0.0036735360403447946,0.0012245120134482647
4,"(1, 3, 4, 5)","[0.95611352 0.94963223 0.95421028 0.96005496 0.95987782 0.96222895
 0.96068781 0.95417147 0.95310877 0.95828969]",0.9568375500783406,"('lat', 'month', ('prec',), ('temp',))",0.002837421592413698,0.0038203475379168348,0.0012734491793056114
5,"(1, 2, 3, 4, 5)","[0.95815268 0.9521531  0.95672983 0.96147912 0.96017449 0.96285462
 0.96219125 0.95564449 0.95527811 0.95962819]",0.9584285872242108,"('lat', 'year', 'month', ('prec',), ('temp',))",0.00243583473067542,0.0032796448863956387,0.0010932149621318795
6,"(0, 1, 2, 3, 4, 5)","[0.95943274 0.9538318  0.95671651 0.96251284 0.96205964 0.96392958
 0.96315407 0.9570352  0.95646614 0.96040182]",0.9595540347885763,"('lon', 'lat', 'year', 'month', ('prec',), ('temp',))",0.0024014660441431693,0.0032333703647221693,0.0010777901215740563
