,feature_idx,cv_scores,avg_score,feature_names,ci_bound,std_dev,std_err
1,"(5,)","[0.93400806 0.93298912 0.94049705 0.93621205 0.9351171  0.94167123
 0.93985228 0.93782303 0.93641358 0.93755589]",0.9372139394776806,"(('temp',),)",0.0019965416946177393,0.0026881740689414946,0.0008960580229804981
2,"(1, 5)","[0.94871881 0.94343379 0.95374017 0.94667517 0.94895614 0.9523899
 0.9501547  0.94975125 0.95046284 0.94805592]",0.9492338681970948,"('lat', ('temp',))",0.002031441167688354,0.002735163249673886,0.0009117210832246285
3,"(1, 4, 5)","[0.95548025 0.95228205 0.96046571 0.95156636 0.94817515 0.95678436
 0.95791791 0.9532053  0.95313577 0.95671615]",0.9545729016288756,"('lat', ('prec',), ('temp',))",0.002522774235568087,0.0033967015565614113,0.001132233852187137
4,"(1, 2, 4, 5)","[0.95669599 0.95316955 0.96176235 0.95338594 0.95078795 0.95726009
 0.95918654 0.9554177  0.95564077 0.95941525]",0.9562722133998072,"('lat', 'year', ('prec',), ('temp',))",0.002334910031435592,0.0031437583380988505,0.0010479194460329502
5,"(1, 2, 3, 4, 5)","[0.95832109 0.95522874 0.96363058 0.9551723  0.9510384  0.95962257
 0.9615804  0.95676859 0.95642512 0.96127626]",0.9579064051801668,"('lat', 'year', 'month', ('prec',), ('temp',))",0.0026367974046170566,0.0035502240836001752,0.001183408027866725
6,"(0, 1, 2, 3, 4, 5)","[0.95893034 0.95710875 0.96424758 0.95620739 0.95222681 0.96104288
 0.96277546 0.95780325 0.95708152 0.96189709]",0.9589321072397338,"('lon', 'lat', 'year', 'month', ('prec',), ('temp',))",0.002537001620088054,0.0034158575232204275,0.001138619174406809
