,feature_idx,cv_scores,avg_score,feature_names,ci_bound,std_dev,std_err
1,"(5,)","[0.93412583 0.93945987 0.93448966 0.92814777 0.93389996 0.93650404
 0.9423727  0.93919637 0.93899697 0.9439571 ]",0.937115025830378,"(('temp',),)",0.003277869981348928,0.004413373940037344,0.0014711246466791144
2,"(1, 5)","[0.94731614 0.9507459  0.94660041 0.94311803 0.94694276 0.94832397
 0.95129661 0.95062465 0.95000389 0.95571786]",0.9490690234065549,"('lat', ('temp',))",0.002405887184468617,0.003239323055221976,0.0010797743517406587
3,"(1, 4, 5)","[0.94989152 0.95936393 0.94983457 0.94925487 0.95480783 0.95538194
 0.9534157  0.95419167 0.95699588 0.96287582]",0.9546013733259148,"('lat', ('prec',), ('temp',))",0.003085594176953759,0.004154490875960427,0.001384830291986809
4,"(1, 2, 4, 5)","[0.95306309 0.96095641 0.95189457 0.9515342  0.95622606 0.95674884
 0.95544847 0.95641634 0.95738581 0.96342014]",0.9563093920741335,"('lat', 'year', ('prec',), ('temp',))",0.00264785555936253,0.0035651129511441184,0.001188370983714706
5,"(1, 2, 3, 4, 5)","[0.95541397 0.96162298 0.95429374 0.95284276 0.95833477 0.95783437
 0.9564749  0.9575134  0.9592832  0.96488785]",0.9578501948740763,"('lat', 'year', 'month', ('prec',), ('temp',))",0.0024824172955096088,0.00334236435936714,0.00111412145312238
6,"(0, 1, 2, 3, 4, 5)","[0.95578567 0.96148876 0.95538658 0.95444499 0.95960968 0.95883163
 0.95726469 0.95858764 0.96090749 0.96531037]",0.9587617517605471,"('lon', 'lat', 'year', 'month', ('prec',), ('temp',))",0.002310825718357106,0.003111330853082942,0.0010371102843609805
