,feature_idx,cv_scores,avg_score,feature_names,ci_bound,std_dev,std_err
1,"(5,)","[0.93648601 0.942214   0.94167551 0.93199943 0.94138347 0.93473864
 0.93767552 0.93763188 0.9402801  0.93953359]",0.9383618170035545,"(('temp',),)",0.002326636604324789,0.0031326188701475957,0.0010442062900491986
2,"(1, 5)","[0.94743675 0.95313553 0.95183482 0.94665195 0.95320606 0.94808041
 0.94885546 0.94995305 0.95179904 0.94992396]",0.9500877029711514,"('lat', ('temp',))",0.0016510798474209257,0.002223038989645839,0.000741012996548613
3,"(1, 4, 5)","[0.94442048 0.95939197 0.95842247 0.95108161 0.95840763 0.95696661
 0.95534238 0.95460771 0.95971178 0.95829782]",0.95566504762621,"('lat', ('prec',), ('temp',))",0.0033437502345340653,0.0045020761137735624,0.0015006920379245206
4,"(1, 2, 4, 5)","[0.94840771 0.9589174  0.95992007 0.95314729 0.95940863 0.95838704
 0.95632595 0.95722838 0.96061752 0.96007904]",0.9572439021940946,"('lat', 'year', ('prec',), ('temp',))",0.0026889695562112123,0.003620469461101869,0.0012068231537006229
5,"(1, 2, 3, 4, 5)","[0.94973509 0.96115706 0.96208252 0.95426922 0.96162299 0.95934535
 0.9572905  0.95755553 0.96186905 0.96189982]",0.9586827137833629,"('lat', 'year', 'month', ('prec',), ('temp',))",0.002876663988220166,0.0038731840957981272,0.0012910613652660425
6,"(0, 1, 2, 3, 4, 5)","[0.95058834 0.96221322 0.96347121 0.95553578 0.96293854 0.95942732
 0.95780434 0.95847467 0.96261278 0.96341461]",0.9596480821602384,"('lon', 'lat', 'year', 'month', ('prec',), ('temp',))",0.0029598255383770315,0.003985154070313218,0.0013283846901044059
