,feature_idx,cv_scores,avg_score,feature_names,ci_bound,std_dev,std_err
1,"(5,)","[0.93579493 0.94065269 0.93962546 0.93235063 0.93388574 0.93562934
 0.94288359 0.9326181  0.93920878 0.94182113]",0.9374470388057429,"(('temp',),)",0.002727107454023682,0.003671818906104594,0.0012239396353681978
2,"(1, 5)","[0.95070924 0.95291765 0.9523017  0.94683969 0.94398415 0.94605045
 0.95237045 0.94422872 0.95021728 0.95004511]",0.9489664437394447,"('lat', ('temp',))",0.0023995958393094245,0.003230852292522007,0.0010769507641740022
3,"(1, 4, 5)","[0.95858385 0.95636557 0.95644297 0.95527258 0.95348034 0.94998478
 0.9572484  0.94753977 0.95387849 0.95715111]",0.9545947857598479,"('lat', ('prec',), ('temp',))",0.0024552308395284304,0.0033057601020195287,0.0011019200340065096
4,"(1, 3, 4, 5)","[0.96061806 0.95783178 0.95790855 0.95766339 0.95488584 0.95195639
 0.95872741 0.94880614 0.95541285 0.95888577]",0.9562696178069917,"('lat', 'month', ('prec',), ('temp',))",0.002527617672332379,0.0034032228334019725,0.0011344076111339909
5,"(1, 2, 3, 4, 5)","[0.96116537 0.95976996 0.96002911 0.95864607 0.95628841 0.95451061
 0.96018042 0.9514882  0.95771862 0.96011094]",0.9579907720179783,"('lat', 'year', 'month', ('prec',), ('temp',))",0.002158788329810094,0.0029066254034029082,0.000968875134467636
6,"(0, 1, 2, 3, 4, 5)","[0.96170008 0.96025669 0.96116389 0.96012417 0.95819058 0.95521787
 0.96063327 0.95219606 0.95882018 0.96130186]",0.9589604646037536,"('lon', 'lat', 'year', 'month', ('prec',), ('temp',))",0.002153251805580834,0.002899170943070181,0.000966390314356727
