,feature_idx,cv_scores,avg_score,feature_names,ci_bound,std_dev,std_err
1,"(5,)","[0.93771015 0.9384772  0.93314893 0.94288461 0.93999394 0.93768852
 0.94071066 0.93524988 0.93913599 0.94040972]",0.9385409610081508,"(('temp',),)",0.0019770485119946705,0.00266192815171886,0.0008873093839062866
2,"(1, 5)","[0.94990858 0.95158619 0.94813586 0.95241736 0.95179647 0.94873087
 0.95198688 0.94680961 0.95078161 0.94964532]",0.9501798758369902,"('lat', ('temp',))",0.0013123212947949924,0.0017669293279963547,0.0005889764426654514
3,"(1, 4, 5)","[0.95628876 0.95987051 0.95680485 0.95797287 0.95500098 0.94989253
 0.95347376 0.95427352 0.95925545 0.95821061]",0.9561043824364116,"('lat', ('prec',), ('temp',))",0.0021351137533651785,0.002874749594015126,0.0009582498646717086
4,"(1, 3, 4, 5)","[0.95745922 0.96076746 0.95818477 0.9603107  0.95608829 0.95146247
 0.95398829 0.95610788 0.96137805 0.95999859]",0.9575745710176055,"('lat', 'month', ('prec',), ('temp',))",0.0022648265363525437,0.003049396855615957,0.0010164656185386522
5,"(1, 2, 3, 4, 5)","[0.95870387 0.9624791  0.95904402 0.96123268 0.9577263  0.95298601
 0.95667539 0.95857619 0.96130334 0.96170357]",0.9590430466359816,"('lat', 'year', 'month', ('prec',), ('temp',))",0.0020087417335468635,0.002704600386697722,0.0009015334622325739
6,"(0, 1, 2, 3, 4, 5)","[0.96034879 0.96330656 0.95962596 0.96249416 0.95820114 0.95393885
 0.95717722 0.96009578 0.96145869 0.96301214]",0.959965929713535,"('lon', 'lat', 'year', 'month', ('prec',), ('temp',))",0.0020549887535511865,0.00276686807701272,0.0009222893590042401
