,feature_idx,cv_scores,avg_score,feature_names,ci_bound,std_dev,std_err
1,"(5,)","[0.93625794 0.93685989 0.93953126 0.93963089 0.93559244 0.93773757
 0.94014158 0.93718926 0.9366232  0.93693995]",0.9376503992016891,"(('temp',),)",0.0011077426622915088,0.0014914815492507827,0.0004971605164169275
2,"(1, 5)","[0.95061378 0.9476068  0.94767277 0.94943459 0.94821766 0.95026595
 0.95191919 0.94917384 0.9496575  0.94900373]",0.9493565805893596,"('lat', ('temp',))",0.0009518072492809496,0.0012815277402145407,0.0004271759134048469
3,"(1, 4, 5)","[0.95727651 0.95600437 0.95519773 0.94927036 0.95556754 0.95848456
 0.9590652  0.95247939 0.94148265 0.95704465]",0.9541872950770474,"('lat', ('prec',), ('temp',))",0.0037482893595545876,0.005046753737428528,0.0016822512458095093
4,"(1, 2, 4, 5)","[0.95872867 0.95659334 0.95666184 0.9517929  0.95738999 0.95944517
 0.96025254 0.95483245 0.9457574  0.95766736]",0.9559121663524944,"('lat', 'year', ('prec',), ('temp',))",0.0030333047935842098,0.004084087655815367,0.0013613625519384557
5,"(1, 2, 3, 4, 5)","[0.96045633 0.95793508 0.95880733 0.95317758 0.95813951 0.9614873
 0.96167649 0.9557935  0.94606939 0.95925335]",0.9572795861223712,"('lat', 'year', 'month', ('prec',), ('temp',))",0.0033151260165359465,0.004463536031803972,0.0014878453439346572
6,"(0, 1, 2, 3, 4, 5)","[0.96116708 0.9594282  0.96021845 0.95418454 0.95924007 0.96282931
 0.96295645 0.95696016 0.9467679  0.96031434]",0.9584066496652088,"('lon', 'lat', 'year', 'month', ('prec',), ('temp',))",0.003419059732335654,0.00460347396570973,0.0015344913219032435
