,feature_idx,cv_scores,avg_score,feature_names,ci_bound,std_dev,std_err
1,"(5,)","[0.93815161 0.94375736 0.94199211 0.93765511 0.93479505 0.93289672
 0.93996877 0.94165248 0.93519665 0.92767623]",0.9373742095269624,"(('temp',),)",0.0034300202000961,0.004618231306012981,0.00153941043533766
2,"(1, 5)","[0.950157   0.9539971  0.95235334 0.94798133 0.94945925 0.94425445
 0.94954481 0.95471439 0.95032327 0.94144579]",0.9494230741048387,"('lat', ('temp',))",0.002888968499192315,0.003889751076300215,0.0012965836921000717
3,"(1, 4, 5)","[0.95654013 0.96080084 0.94098406 0.95624361 0.95359467 0.95362531
 0.9562851  0.95793298 0.95848185 0.95116309]",0.9545651641850202,"('lat', ('prec',), ('temp',))",0.0038812543443319373,0.005225779812926595,0.0017419266043088646
4,"(1, 2, 4, 5)","[0.95737504 0.96117676 0.94635968 0.95784689 0.95570257 0.95637369
 0.95753863 0.95931315 0.95919406 0.95304851]",0.9563928974255568,"('lat', 'year', ('prec',), ('temp',))",0.0029332778561995546,0.003949409867719113,0.001316469955906371
5,"(1, 2, 3, 4, 5)","[0.95970591 0.96260953 0.94507732 0.9597699  0.95671753 0.9571324
 0.95918156 0.9610029  0.96173789 0.95487791]",0.9577812850778287,"('lat', 'year', 'month', ('prec',), ('temp',))",0.00356454160803706,0.004799352973303592,0.0015997843244345306
6,"(0, 1, 2, 3, 4, 5)","[0.9607438  0.96344964 0.94603931 0.96033228 0.95857443 0.95843528
 0.95988554 0.9612974  0.96315033 0.95608917]",0.9587997187879067,"('lon', 'lat', 'year', 'month', ('prec',), ('temp',))",0.0035187186716887,0.004737656275665629,0.0015792187585552096
