,feature_idx,cv_scores,avg_score,feature_names,ci_bound,std_dev,std_err
1,"(5,)","[0.94322135 0.93744592 0.94261203 0.93859828 0.93935983 0.93508701
 0.93643366 0.94220617 0.94021454 0.93024545]",0.9385424245412508,"(('temp',),)",0.002796521151689269,0.0037652785631691068,0.0012550928543897022
2,"(1, 5)","[0.95050745 0.94913166 0.95071033 0.94973989 0.94995563 0.94804275
 0.94977644 0.95328173 0.9516923  0.94474908]",0.9497587255612461,"('lat', ('temp',))",0.0015945025227226105,0.002146862420153654,0.0007156208067178846
3,"(1, 4, 5)","[0.95218989 0.95791453 0.9547092  0.95794944 0.95650346 0.94431906
 0.95556402 0.96018331 0.95724993 0.95373709]",0.9550319936865026,"('lat', ('prec',), ('temp',))",0.003110092665430405,0.00418747601302454,0.0013958253376748463
4,"(1, 2, 4, 5)","[0.95389287 0.95962151 0.95720823 0.95862675 0.95799622 0.94743537
 0.95780668 0.96054822 0.95771293 0.95521152]",0.9566060293038456,"('lat', 'year', ('prec',), ('temp',))",0.0026477100433033433,0.0035649170261113604,0.0011883056753704535
5,"(1, 2, 3, 4, 5)","[0.95567413 0.96092585 0.95846535 0.95943489 0.95883347 0.94846144
 0.96006398 0.96243493 0.95996245 0.95707561]",0.9581332099461017,"('lat', 'year', 'month', ('prec',), ('temp',))",0.0027428276449410504,0.003692984809975672,0.0012309949366585574
6,"(0, 1, 2, 3, 4, 5)","[0.95674696 0.96175884 0.95929028 0.96089828 0.96022521 0.94997775
 0.9613503  0.96342454 0.96045762 0.95840242]",0.9592532198366461,"('lon', 'lat', 'year', 'month', ('prec',), ('temp',))",0.0026386519848630805,0.0035527211186180624,0.0011842403728726874
