,feature_idx,cv_scores,avg_score,feature_names,ci_bound,std_dev,std_err
1,"(5,)","[0.94412455 0.92966581 0.93653005 0.93257888 0.9394253  0.94565766
 0.9446698  0.93209969 0.93840457 0.94122144]",0.9384377765210145,"(('temp',),)",0.003979680072501318,0.005358301708609954,0.0017861005695366514
2,"(1, 5)","[0.95487273 0.94393001 0.9483344  0.94708479 0.94951128 0.95684356
 0.95513919 0.94483646 0.94688154 0.9507467 ]",0.949818065404239,"('lat', ('temp',))",0.0031681650611945513,0.004265665568912765,0.0014218885229709216
3,"(1, 4, 5)","[0.9574616  0.94437021 0.95304886 0.95567005 0.95593927 0.95581358
 0.96247126 0.95387623 0.954359   0.95870717]",0.9551717240764932,"('lat', ('prec',), ('temp',))",0.0032864001893146816,0.0044248591416327,0.0014749530472108997
4,"(1, 2, 4, 5)","[0.95871466 0.94759137 0.95593589 0.95654998 0.95826922 0.95778701
 0.96302013 0.95500562 0.955806   0.95970987]",0.9568389758633413,"('lat', 'year', ('prec',), ('temp',))",0.0028160162301059783,0.0037915270329171,0.0012638423443056997
5,"(1, 2, 3, 4, 5)","[0.95981316 0.94912548 0.95740107 0.95794703 0.96045477 0.95851268
 0.96442581 0.95739244 0.95786669 0.96192311]",0.9584862239443496,"('lat', 'year', 'month', ('prec',), ('temp',))",0.002812514903587691,0.0037868127937009935,0.0012622709312336644
6,"(0, 1, 2, 3, 4, 5)","[0.96073327 0.94999387 0.957995   0.9595318  0.96138185 0.95902543
 0.96525829 0.95818852 0.95914536 0.96262082]",0.9593874197749642,"('lon', 'lat', 'year', 'month', ('prec',), ('temp',))",0.002804039640326374,0.0037754015704904074,0.001258467190163469
