,feature_idx,cv_scores,avg_score,feature_names,ci_bound,std_dev,std_err
1,"(5,)","[0.93181517 0.93469235 0.93971048 0.93332044 0.94217063 0.93431157
 0.94459639 0.94396682 0.94174229 0.93713012]",0.9383456266928057,"(('temp',),)",0.003302337127089238,0.004446316876765096,0.0014821056255883655
2,"(1, 5)","[0.94607344 0.94804876 0.94903012 0.94484393 0.95406011 0.94621273
 0.9538022  0.95365545 0.95368325 0.94962329]",0.9499033279964474,"('lat', ('temp',))",0.002562227775878064,0.0034498224026099193,0.001149940800869973
3,"(1, 4, 5)","[0.95361392 0.95749041 0.95129513 0.95374887 0.9621749  0.94869516
 0.96162291 0.96240006 0.95366609 0.9520557 ]",0.9556763136420072,"('lat', ('prec',), ('temp',))",0.0034768413175723526,0.0046812719698858295,0.001560423989961943
4,"(1, 2, 4, 5)","[0.95453737 0.95860234 0.95328681 0.95567598 0.96324496 0.95143839
 0.96308141 0.96352738 0.95564653 0.95393571]",0.9572976880123061,"('lat', 'year', ('prec',), ('temp',))",0.003186140138043307,0.004289867485457916,0.0014299558284859722
5,"(1, 2, 3, 4, 5)","[0.9559142  0.96127856 0.95489822 0.95731132 0.96496974 0.95291487
 0.96450764 0.96390989 0.95628995 0.95543396]",0.9587428341926353,"('lat', 'year', 'month', ('prec',), ('temp',))",0.0031589111208288733,0.004253205923019265,0.001417735307673088
6,"(0, 1, 2, 3, 4, 5)","[0.95740937 0.96174638 0.95660323 0.95833256 0.96611802 0.9540286
 0.9657112  0.96525188 0.95697532 0.95600325]",0.9598179828766045,"('lon', 'lat', 'year', 'month', ('prec',), ('temp',))",0.0031699042831891695,0.004268007283828446,0.0014226690946094818
