,feature_idx,cv_scores,avg_score,feature_names,ci_bound,std_dev,std_err
1,"(5,)","[0.93407005 0.94215363 0.9371405  0.93978665 0.93541996 0.93279451
 0.93686145 0.93156994 0.94113014 0.94243726]",0.9373364085706243,"(('temp',),)",0.0027601275601639294,0.0037162776786507415,0.0012387592262169136
2,"(1, 5)","[0.94735899 0.95285043 0.94997583 0.95073396 0.9479279  0.94636108
 0.94994344 0.94430099 0.95133235 0.95020381]",0.9490988783172082,"('lat', ('temp',))",0.0018094312386963036,0.0024362457085211893,0.0008120819028403964
3,"(1, 4, 5)","[0.95051518 0.96061092 0.95697004 0.95444523 0.95650189 0.94971371
 0.95194965 0.9528313  0.95857136 0.95885991]",0.9550969194683342,"('lat', ('prec',), ('temp',))",0.0026525659015801716,0.0035714550274651086,0.0011904850091550361
4,"(1, 2, 4, 5)","[0.95219569 0.96115183 0.95731639 0.95620695 0.95810472 0.95119279
 0.9549696  0.95498301 0.96000191 0.96096007]",0.9567082965979754,"('lat', 'year', ('prec',), ('temp',))",0.0024410945375988834,0.003286726770343973,0.0010955755901146576
5,"(1, 2, 3, 4, 5)","[0.9531877  0.96274945 0.95932225 0.95716746 0.9593026  0.95318797
 0.95603769 0.95700774 0.96156148 0.96297369]",0.9582498025237907,"('lat', 'year', 'month', ('prec',), ('temp',))",0.002514742485959583,0.003385887486870797,0.0011286291622902656
6,"(0, 1, 2, 3, 4, 5)","[0.95485561 0.96327229 0.96035267 0.95812968 0.96102232 0.95385015
 0.95748665 0.95766237 0.9622706  0.96404123]",0.9592943576799687,"('lon', 'lat', 'year', 'month', ('prec',), ('temp',))",0.0024402423388042065,0.003285579356940281,0.0010951931189800937
