,feature_idx,cv_scores,avg_score,feature_names,ci_bound,std_dev,std_err
1,"(5,)","[0.93828363 0.94487743 0.9330023  0.9345103  0.94184447 0.93897248
 0.93643427 0.93440688 0.94168504 0.93260856]",0.9376625375377141,"(('temp',),)",0.002944091230225451,0.0039639691587835275,0.0013213230529278426
2,"(1, 5)","[0.95059481 0.95414763 0.94433769 0.94603015 0.9512635  0.9503087
 0.94737283 0.9464285  0.95062836 0.9464458 ]",0.9487557961538228,"('lat', ('temp',))",0.0021560955746751645,0.0029029998369811097,0.0009676666123270365
3,"(1, 4, 5)","[0.95264164 0.9539496  0.9541768  0.954224   0.95790662 0.96037125
 0.95521649 0.94437474 0.95762061 0.95472417]",0.9545205904747721,"('lat', ('prec',), ('temp',))",0.0029970304108213135,0.004035247275785765,0.0013450824252619216
4,"(1, 3, 4, 5)","[0.95281752 0.95487063 0.95598569 0.95626171 0.95927469 0.96203341
 0.95745782 0.94572222 0.95967884 0.95687866]",0.9560981215408721,"('lat', 'month', ('prec',), ('temp',))",0.0031560115516776383,0.0042493018990640095,0.0014164339663546698
5,"(1, 2, 3, 4, 5)","[0.95487891 0.95773742 0.95763472 0.95769949 0.96035021 0.96259434
 0.95827434 0.94916952 0.95985836 0.95726735]",0.957546465062381,"('lat', 'year', 'month', ('prec',), ('temp',))",0.0025366801614565586,0.0034154247064354074,0.0011384749021451357
6,"(0, 1, 2, 3, 4, 5)","[0.95532314 0.95873411 0.95933524 0.95904366 0.96147184 0.9630263
 0.95947994 0.94933548 0.96067916 0.95836042]",0.958478927801081,"('lon', 'lat', 'year', 'month', ('prec',), ('temp',))",0.002679661513670783,0.003607936971218366,0.0012026456570727888
