,feature_idx,cv_scores,avg_score,feature_names,ci_bound,std_dev,std_err
1,"(5,)","[0.9343561  0.93820178 0.94147886 0.93374925 0.93638014 0.93534567
 0.94210413 0.94494301 0.93938095 0.93693302]",0.9382872900876018,"(('temp',),)",0.0025774264548367285,0.0034702861348570296,0.001156762044952343
2,"(1, 5)","[0.9490802  0.94947548 0.95129296 0.94749313 0.94713673 0.94662732
 0.95366618 0.95504516 0.95003571 0.94778709]",0.9497639964626525,"('lat', ('temp',))",0.0019913353323881256,0.0026811641437408866,0.0008937213812469622
3,"(1, 4, 5)","[0.95463973 0.95573807 0.95824934 0.95533012 0.95444878 0.94945159
 0.95994726 0.95030868 0.95427905 0.95537492]",0.9547767558247757,"('lat', ('prec',), ('temp',))",0.0022166745892736946,0.0029845643425483108,0.0009948547808494369
4,"(1, 2, 4, 5)","[0.95637485 0.95667323 0.95906158 0.95703863 0.95550093 0.95174757
 0.96154347 0.95327465 0.95704435 0.95621878]",0.9564478056213284,"('lat', 'year', ('prec',), ('temp',))",0.001917707724822309,0.002582030814369309,0.000860676938123103
5,"(1, 2, 3, 4, 5)","[0.95737224 0.95828773 0.96066939 0.95886075 0.956498   0.95331436
 0.96341536 0.9535176  0.95831376 0.95782098]",0.9578070184232343,"('lat', 'year', 'month', ('prec',), ('temp',))",0.0021233106208340003,0.002858857677062864,0.0009529525590209546
6,"(0, 1, 2, 3, 4, 5)","[0.95879635 0.95957953 0.96179547 0.95966373 0.95774104 0.95445331
 0.96413699 0.95370299 0.95932226 0.95927977]",0.958847144384752,"('lon', 'lat', 'year', 'month', ('prec',), ('temp',))",0.0021689939315968614,0.002920366380691331,0.0009734554602304436
