,feature_idx,cv_scores,avg_score,feature_names,ci_bound,std_dev,std_err
1,"(5,)","[0.93651227 0.93423836 0.94205387 0.93424895 0.93798672 0.94273179
 0.93526619 0.93874733 0.94297595 0.93591756]",0.9380679007286759,"(('temp',),)",0.0024219770625233715,0.00326098671147109,0.0010869955704903634
2,"(1, 5)","[0.95133767 0.94458174 0.95463278 0.94738938 0.95176595 0.95470661
 0.94594873 0.94840352 0.95227135 0.94871538]",0.9499753104507953,"('lat', ('temp',))",0.002468449799663342,0.003323558310766601,0.0011078527702555337
3,"(1, 4, 5)","[0.95786093 0.94921199 0.95931354 0.95074339 0.95956591 0.96016934
 0.95478934 0.95235083 0.95758303 0.95252593]",0.9554114227371462,"('lat', ('prec',), ('temp',))",0.0028198041440117383,0.0037966271377455115,0.0012655423792485038
4,"(1, 2, 4, 5)","[0.95967147 0.95077447 0.96110147 0.95280877 0.96078022 0.96090451
 0.95624065 0.95473458 0.95859968 0.95457141]",0.9570187226176156,"('lat', 'year', ('prec',), ('temp',))",0.002615151313125801,0.0035210794571705877,0.001173693152390196
5,"(1, 2, 3, 4, 5)","[0.96082009 0.95337595 0.96152593 0.95473441 0.96238174 0.9629877
 0.95707487 0.95660764 0.95989593 0.95576383]",0.9585168100955528,"('lat', 'year', 'month', ('prec',), ('temp',))",0.00240925828791582,0.0032438619601168352,0.001081287320038945
6,"(0, 1, 2, 3, 4, 5)","[0.962203   0.95459467 0.96295917 0.95545241 0.9635733  0.96316369
 0.95856369 0.9574242  0.96060336 0.95655388]",0.9595091371196036,"('lon', 'lat', 'year', 'month', ('prec',), ('temp',))",0.002404526883797863,0.00323749152573329,0.0010791638419110966
