,feature_idx,cv_scores,avg_score,feature_names,ci_bound,std_dev,std_err
1,"(5,)","[0.93702402 0.93746179 0.93000241 0.93677988 0.94186611 0.94390425
 0.94133191 0.94137912 0.94049835 0.93239563]",0.9382643463672095,"(('temp',),)",0.003115602864551671,0.004194895028831934,0.001398298342943978
2,"(1, 5)","[0.94724875 0.94814917 0.94749999 0.94739709 0.95231046 0.95479176
 0.95269632 0.95240654 0.94985634 0.94475715]",0.9497113569941475,"('lat', ('temp',))",0.0022534428542425396,0.0030340696930830227,0.0010113565643610075
3,"(1, 4, 5)","[0.95161136 0.95415779 0.95567522 0.95077543 0.95928244 0.96078785
 0.94934293 0.95830859 0.95358529 0.95416327]",0.9547690176461984,"('lat', ('prec',), ('temp',))",0.0026515044068984145,0.0035700258148994453,0.0011900086049664816
4,"(1, 2, 4, 5)","[0.9535366  0.95571676 0.95630819 0.95357087 0.95966951 0.96134538
 0.95278819 0.9594332  0.95507809 0.95577935]",0.9563226143516885,"('lat', 'year', ('prec',), ('temp',))",0.0020494432968384273,0.0027594015898485084,0.0009198005299495028
5,"(1, 2, 3, 4, 5)","[0.9558174  0.95789549 0.95706965 0.95504235 0.96126338 0.96329433
 0.95264942 0.96098995 0.95669896 0.95715233]",0.9577873269019703,"('lat', 'year', 'month', ('prec',), ('temp',))",0.002260032227193692,0.003042941724929702,0.0010143139083099008
6,"(0, 1, 2, 3, 4, 5)","[0.95639119 0.95841032 0.95842305 0.95580979 0.96200146 0.96435668
 0.95313979 0.96223123 0.95731203 0.95893438]",0.9587009918933145,"('lon', 'lat', 'year', 'month', ('prec',), ('temp',))",0.0023733032115424387,0.0031954514990609546,0.0010651504996869847
