,feature_idx,cv_scores,avg_score,feature_names,ci_bound,std_dev,std_err
1,"(5,)","[0.93997142 0.93964531 0.93905115 0.93936616 0.93520476 0.93845711
 0.94083382 0.93829353 0.93768384 0.9359147 ]",0.9384421797067073,"(('temp',),)",0.001247163541211883,0.0016791999387004647,0.000559733312900155
2,"(1, 5)","[0.95166331 0.94774854 0.94815488 0.95199349 0.95035825 0.9483318
 0.95099883 0.94968532 0.94961186 0.94934268]",0.9497888942373388,"('lat', ('temp',))",0.001033389001635765,0.001391370650968784,0.00046379021698959464
3,"(1, 4, 5)","[0.94540093 0.95534627 0.95552368 0.95915725 0.95791361 0.95419678
 0.95452362 0.95793378 0.95329282 0.95675571]",0.95500444628489,"('lat', ('prec',), ('temp',))",0.002716584558972214,0.003657650720344284,0.001219216906781428
4,"(1, 2, 4, 5)","[0.9493345  0.95564379 0.95699896 0.96028515 0.95837947 0.95551099
 0.9574142  0.96047986 0.95582611 0.95712018]",0.956699320852656,"('lat', 'year', ('prec',), ('temp',))",0.0022067573350634077,0.0029712116008174154,0.0009904038669391385
5,"(1, 2, 3, 4, 5)","[0.94999588 0.9584614  0.9582313  0.96193762 0.96032188 0.95730218
 0.95850147 0.9622678  0.95752854 0.95912408]",0.9583672139918378,"('lat', 'year', 'month', ('prec',), ('temp',))",0.002398837470687007,0.003229831213487706,0.001076610404495902
6,"(0, 1, 2, 3, 4, 5)","[0.9501084  0.95978785 0.9596034  0.96221746 0.96118831 0.95811539
 0.95922608 0.963      0.95892239 0.96018531]",0.9592354592233793,"('lon', 'lat', 'year', 'month', ('prec',), ('temp',))",0.002495298838621869,0.0033597082647089014,0.001119902754902967
