,feature_idx,cv_scores,avg_score,feature_names,ci_bound,std_dev,std_err
1,"(5,)","[0.93881756 0.93835964 0.94116312 0.93534292 0.9410088  0.93695517
 0.9362594  0.9350347  0.93674406 0.93919151]",0.9378876886071532,"(('temp',),)",0.0015347642850544634,0.0020664299494185393,0.0006888099831395131
2,"(1, 5)","[0.94859988 0.95126025 0.95318653 0.94726841 0.94984642 0.95099549
 0.94875595 0.9473452  0.94931491 0.94961624]",0.949618928867423,"('lat', ('temp',))",0.001285104460316246,0.0017302841685781101,0.0005767613895260367
3,"(1, 4, 5)","[0.95579718 0.95548703 0.95969643 0.95656779 0.95698204 0.95147013
 0.95688134 0.95614814 0.95009425 0.95845724]",0.9557581567414685,"('lat', ('prec',), ('temp',))",0.002059661326498159,0.0027731593002138935,0.0009243864334046312
4,"(1, 3, 4, 5)","[0.95632394 0.9573182  0.96087135 0.95823366 0.95871306 0.95266814
 0.9591454  0.95805699 0.95029664 0.96089248]",0.9572519869286225,"('lat', 'month', ('prec',), ('temp',))",0.0023944703235180683,0.0032239512201940822,0.0010746504067313607
5,"(1, 2, 3, 4, 5)","[0.95841377 0.95949376 0.96208736 0.95885885 0.9593868  0.95481889
 0.95961657 0.95936837 0.95339314 0.96167778]",0.9587115299974662,"('lat', 'year', 'month', ('prec',), ('temp',))",0.0019089538699373478,0.0025702444911643056,0.0008567481637214351
6,"(0, 1, 2, 3, 4, 5)","[0.96006543 0.96081655 0.96324466 0.96010498 0.96020536 0.95562957
 0.96056464 0.95979107 0.9546522  0.96256092]",0.9597635374343202,"('lon', 'lat', 'year', 'month', ('prec',), ('temp',))",0.0018981127648881305,0.0025556478626288038,0.0008518826208762678
