,feature_idx,cv_scores,avg_score,feature_names,ci_bound,std_dev,std_err
1,"(5,)","[0.93906382 0.93706788 0.93375921 0.93934945 0.94088691 0.93789323
 0.93911527 0.93814311 0.93992156 0.92697701]",0.937217745202596,"(('temp',),)",0.0028812588077883304,0.00387937063066885,0.0012931235435562833
2,"(1, 5)","[0.95139605 0.94877329 0.94559319 0.95101424 0.95122574 0.9514713
 0.94969662 0.94959879 0.95149234 0.94135156]",0.9491613128060825,"('lat', ('temp',))",0.0023228194433565505,0.003127479386629943,0.0010424931288766477
3,"(1, 4, 5)","[0.95723521 0.95667993 0.95401893 0.9589816  0.95806624 0.95582644
 0.95326162 0.95722093 0.952993   0.93974163]",0.9544025522405735,"('lat', ('prec',), ('temp',))",0.0039015383916467857,0.0052530905623849955,0.001751030187461665
4,"(1, 2, 4, 5)","[0.95812455 0.95770496 0.95498313 0.95979332 0.95908016 0.95739557
 0.95514609 0.95840667 0.95571492 0.943495  ]",0.9559844355986297,"('lat', 'year', ('prec',), ('temp',))",0.003298632143274309,0.004441328430270847,0.0014804428100902824
5,"(1, 2, 3, 4, 5)","[0.96059797 0.95992971 0.95667824 0.96017923 0.96185507 0.95747281
 0.95658033 0.96063154 0.95734201 0.94398091]",0.9575247812020613,"('lat', 'year', 'month', ('prec',), ('temp',))",0.003606242838590909,0.004855500143643187,0.0016185000478810625
6,"(0, 1, 2, 3, 4, 5)","[0.9613572  0.96060971 0.95831225 0.96116239 0.96234398 0.95899786
 0.95772615 0.96174845 0.95736425 0.94621746]",0.9585839705533417,"('lon', 'lat', 'year', 'month', ('prec',), ('temp',))",0.003304811521943282,0.004449648439587398,0.0014832161465291327
